0,1,0,-0.8597477674484253,0.10351812839508057,0.4011349081993103
9,1,0,-0.8630392551422119,0.15859933197498322,0.45318570733070374
10,1,0,-0.8695905208587646,0.17556053400039673,0.4643591642379761
11,1,0,-0.8494197726249695,0.19696414470672607,0.48996496200561523
12,1,0,-0.845579981803894,0.20355957746505737,0.4954553246498108
13,1,0,-0.8429495692253113,0.22849437594413757,0.49712657928466797
14,1,0,-0.8325169086456299,0.2504191994667053,0.49512824416160583
15,1,0,-0.8195057511329651,0.26591330766677856,0.49401605129241943
16,1,0,-0.8054805994033813,0.28135132789611816,0.4935069680213928
17,1,0,-0.7964046001434326,0.2946038246154785,0.4944530725479126
18,1,0,-0.7838261127471924,0.3151593804359436,0.49633753299713135
19,1,0,-0.7708741426467896,0.3387323021888733,0.4980754852294922
20,1,0,-0.7562593817710876,0.3598687946796417,0.5005801916122437
21,1,0,-0.7450041770935059,0.3782457113265991,0.504666805267334
22,1,0,-0.7333848476409912,0.4066959321498871,0.5038935542106628
23,1,0,-0.7130564451217651,0.43230387568473816,0.49996405839920044
24,1,0,-0.6935215592384338,0.45479363203048706,0.49513134360313416
25,1,0,-0.6815986633300781,0.4792206883430481,0.48967796564102173
26,1,0,-0.6683534979820251,0.5015872716903687,0.484042763710022
27,1,0,-0.6593848466873169,0.5286464691162109,0.47898703813552856
28,1,0,-0.6499089002609253,0.5569448471069336,0.47400331497192383
30,1,0,-0.6326876878738403,0.6085788011550903,0.4642241597175598
31,1,0,-0.6200830936431885,0.644576907157898,0.45502370595932007
32,1,0,-0.5992559194564819,0.6657021045684814,0.4538344144821167
33,1,0,-0.5818195343017578,0.6874669790267944,0.4484379291534424
34,1,0,-0.559733510017395,0.7047160863876343,0.44687986373901367
35,1,0,-0.5370379686355591,0.7351870536804199,0.4486654996871948
36,1,0,-0.5120185613632202,0.7577109932899475,0.4525414705276489
37,1,0,-0.4963856637477875,0.7713390588760376,0.45774704217910767
38,1,0,-0.47194159030914307,0.8021451234817505,0.4528704285621643
39,1,0,-0.4426666498184204,0.8182143568992615,0.4547441601753235
40,1,0,-0.42633113265037537,0.8292343616485596,0.46000078320503235
41,1,0,-0.40917813777923584,0.8534489870071411,0.46384894847869873
42,1,0,-0.386828750371933,0.8695554733276367,0.4659864902496338
43,1,0,-0.3665658235549927,0.879745364189148,0.46706363558769226
44,1,0,-0.3259488046169281,0.8869664072990417,0.47252315282821655
45,1,0,-0.2812671661376953,0.8989440202713013,0.4739898443222046
46,1,0,-0.23576173186302185,0.9019603133201599,0.47272682189941406
47,1,0,-0.19055050611495972,0.9085959196090698,0.47566694021224976
48,1,0,-0.16512393951416016,0.9194859266281128,0.47758615016937256
49,1,0,-0.13126860558986664,0.9216452836990356,0.4776892066001892
50,1,0,-0.10676944255828857,0.9284188747406006,0.47548356652259827
51,1,0,-0.08211664855480194,0.9325399994850159,0.465116024017334
52,1,0,-0.06364753097295761,0.936137318611145,0.4526206851005554
53,1,0,-0.012518963776528835,0.9393624067306519,0.4302845001220703
54,1,0,0.06413523107767105,0.9174094200134277,0.41288042068481445
54,10,0,-0.6939656734466553,0.5152801871299744,0.13996261358261108
55,1,0,0.07896877825260162,0.8979494571685791,0.3980797529220581
55,10,0,-0.8770566582679749,0.28512611985206604,0.09221838414669037
56,1,0,0.08069773763418198,0.87761390209198,0.3832266330718994
56,10,0,-0.8991015553474426,0.23083725571632385,0.06592545658349991
57,1,0,0.06933078169822693,0.861443281173706,0.3639885187149048
57,10,0,-0.9046589136123657,0.2162388563156128,0.05781302601099014
58,1,0,0.057406648993492126,0.848686933517456,0.34481504559516907
58,10,0,-0.9095126390457153,0.2087889462709427,0.05400377884507179
59,1,0,0.03448361158370972,0.8372931480407715,0.3259062170982361
59,10,0,-0.9155334234237671,0.20218263566493988,0.045020122081041336
60,1,0,0.009575707837939262,0.8276330232620239,0.3045905828475952
60,10,0,-0.918750524520874,0.1974496692419052,0.03437076508998871
61,1,0,-0.02296048030257225,0.818545937538147,0.2828257977962494
61,10,0,-0.9215399026870728,0.18601630628108978,0.0322374664247036
62,1,0,-0.05327574536204338,0.8138920068740845,0.2626173496246338
62,10,0,-0.9232468605041504,0.1856999397277832,0.029268192127346992
63,1,0,-0.07997328042984009,0.8096804618835449,0.24310600757598877
63,10,0,-0.9268592596054077,0.16950871050357819,0.022109102457761765
64,1,0,-0.11754769086837769,0.8094483017921448,0.22090479731559753
64,10,0,-0.9288728833198547,0.16033263504505157,0.01900826208293438
65,1,0,-0.10252122581005096,0.8072123527526855,0.19673079252243042
65,10,0,-0.9154348373413086,0.13364237546920776,0.019357142969965935
66,1,0,-0.11863434314727783,0.8176166415214539,0.17573943734169006
66,10,0,-0.9068255424499512,0.1283448338508606,0.01748460717499256
76,1,0,-0.04339136183261871,0.9390209317207336,-0.10380865633487701
77,1,0,-0.016930721700191498,0.9340486526489258,-0.1344502717256546
77,8,0,-0.023653669282794,0.9506455659866333,-0.29894641041755676
78,1,0,-0.03279903903603554,0.9369074106216431,-0.14421549439430237
79,1,0,-0.028188826516270638,0.9326611757278442,-0.14742518961429596
80,1,0,-0.02584373764693737,0.9238494038581848,-0.14912569522857666
80,8,0,-0.06492644548416138,0.9484831094741821,-0.325451523065567
81,1,0,-0.04553437978029251,0.9177693128585815,-0.1531985104084015
81,8,0,-0.07631815969944,0.9463476538658142,-0.330472469329834
82,1,0,-0.10139253735542297,0.8986022472381592,-0.15049415826797485
82,8,0,-0.06155635043978691,0.9402836561203003,-0.31956005096435547
82,10,0,-0.9083713889122009,0.19328343868255615,-0.012956331484019756
83,1,0,-0.1509947031736374,0.8899756669998169,-0.1520320475101471
83,8,0,-0.04422921687364578,0.9389920234680176,-0.3115633428096771
83,10,0,-0.914770245552063,0.18979287147521973,-0.003006607759743929
84,1,0,-0.20566672086715698,0.8760348558425903,-0.15234708786010742
84,8,0,-0.04495899751782417,0.9366627931594849,-0.3082961440086365
84,10,0,-0.9184505939483643,0.20322106778621674,0.001962745562195778
85,1,0,-0.252832293510437,0.8606699705123901,-0.15238642692565918
85,10,0,-0.9240280389785767,0.21556130051612854,0.005991226062178612
86,1,0,-0.3104330897331238,0.8396252989768982,-0.14816302061080933
86,10,0,-0.9295662045478821,0.2232542335987091,0.00981820747256279
87,10,0,-0.9354161024093628,0.23425078392028809,0.014710838906466961
88,1,0,-0.4453881084918976,0.7960857152938843,-0.13646897673606873
88,10,0,-0.9378237724304199,0.24146416783332825,0.019430004060268402
89,1,0,-0.49632251262664795,0.7759668231010437,-0.1309819221496582
89,10,0,-0.9403151869773865,0.24755805730819702,0.021754667162895203
90,10,0,-0.9428023099899292,0.24609136581420898,0.02322997711598873
91,1,0,-0.6001688241958618,0.711993932723999,-0.11948294192552567
91,10,0,-0.9450275897979736,0.23781538009643555,0.023412030190229416
92,1,0,-0.6080385446548462,0.6653320789337158,-0.11465516686439514
92,10,0,-0.9425206184387207,0.2149495780467987,0.020640378817915916
93,10,0,-0.9280824661254883,0.18988028168678284,0.01810777187347412
109,10,0,-0.9292917251586914,0.3608042001724243,0.08893314003944397
110,10,0,-0.9325374364852905,0.3309062123298645,0.08509732037782669
111,10,0,-0.9308205842971802,0.3282565176486969,0.08579228073358536
112,10,0,-0.9285091161727905,0.3245278000831604,0.08864347636699677
113,10,0,-0.9258863925933838,0.3124678432941437,0.09292251616716385
114,10,0,-0.9163368940353394,0.3098045587539673,0.099162757396698
115,1,0,0.09765419363975525,0.8294943571090698,0.10990425944328308
115,4,0,-0.154965341091156,0.8734622001647949,0.16426390409469604
115,10,0,-0.9004059433937073,0.20584681630134583,0.11384809017181396
116,1,0,0.04392918944358826,0.8446699380874634,0.11148685961961746
116,4,0,-0.1932745724916458,0.8780249953269958,0.16814595460891724
116,10,0,-0.894435703754425,0.18662413954734802,0.1121351569890976
117,1,0,0.03233817592263222,0.8530842065811157,0.10963477939367294
117,4,0,-0.20242305099964142,0.8805519342422485,0.16590210795402527
117,10,0,-0.8857678174972534,0.21623781323432922,0.1095895767211914
118,1,0,0.018258895725011826,0.8581343293190002,0.10899600386619568
118,4,0,-0.20236192643642426,0.8816108107566833,0.16609618067741394
118,10,0,-0.882469892501831,0.22357109189033508,0.1083209216594696
119,4,0,-0.20386749505996704,0.8836711645126343,0.16630518436431885
119,10,0,-0.8794128894805908,0.2223477065563202,0.10734619200229645
120,4,0,-0.20640301704406738,0.8875558376312256,0.16755086183547974
120,10,0,-0.8724011182785034,0.2302493155002594,0.10720838606357574
121,4,0,-0.20641359686851501,0.8895902633666992,0.16752466559410095
122,4,0,-0.20577102899551392,0.8905009031295776,0.16587300598621368
123,4,0,-0.19850173592567444,0.8918094038963318,0.16387414932250977
124,4,0,-0.19716989994049072,0.8927450180053711,0.16101326048374176
125,4,0,-0.20350763201713562,0.8940611481666565,0.15888145565986633
126,4,0,-0.20404702425003052,0.895601749420166,0.15680427849292755
127,4,0,-0.20605909824371338,0.8977787494659424,0.15559573471546173
128,4,0,-0.20451727509498596,0.899084210395813,0.15677262842655182
129,4,0,-0.19954508543014526,0.9001670479774475,0.15870867669582367
130,4,0,-0.19846197962760925,0.9045180082321167,0.15808844566345215
131,4,0,-0.1907588690519333,0.905420184135437,0.1575215458869934
132,4,0,-0.1844356656074524,0.9063302278518677,0.15830880403518677
133,4,0,-0.1845821589231491,0.9058586359024048,0.15734630823135376
134,4,0,-0.1865508258342743,0.9047262668609619,0.1554141342639923
135,4,0,-0.1872960925102234,0.9040979146957397,0.1533995121717453
136,4,0,-0.2074148803949356,0.9048035144805908,0.14897766709327698
136,10,0,-0.8639061450958252,0.1228657215833664,0.09368915855884552
137,4,0,-0.24123620986938477,0.8898661136627197,0.1478804647922516
137,8,0,-0.12603075802326202,0.9419475793838501,0.10306945443153381
137,10,0,-0.8685758113861084,0.1246146410703659,0.09397736936807632
138,4,0,-0.2864903211593628,0.8751827478408813,0.14550992846488953
138,10,0,-0.8871856927871704,0.1313331425189972,0.09325598180294037
139,4,0,-0.32009953260421753,0.8436882495880127,0.14271533489227295
139,10,0,-0.9056928157806396,0.13053719699382782,0.09017433226108551
140,10,0,-0.9204884171485901,0.14428789913654327,0.08660342544317245
141,10,0,-0.9297243356704712,0.16714757680892944,0.0836203321814537
142,10,0,-0.935961127281189,0.18491795659065247,0.08449011296033859
143,10,0,-0.9389169216156006,0.18160679936408997,0.08033999055624008
144,10,0,-0.9391103386878967,0.18825829029083252,0.07989928126335144
145,10,0,-0.9408068656921387,0.18244072794914246,0.07481037825345993
146,10,0,-0.9377743601799011,0.1617266833782196,0.06347285956144333
147,10,0,-0.9092507362365723,0.1469915807247162,0.056802839040756226
154,8,0,0.5478090643882751,0.6241360902786255,-0.4438591003417969
155,8,0,0.558320164680481,0.6244804263114929,-0.4866067171096802
156,8,0,0.5577632784843445,0.624762773513794,-0.48171699047088623
157,8,0,0.5399179458618164,0.6467679738998413,-0.48206377029418945
158,8,0,0.5312386155128479,0.6509699821472168,-0.4814513325691223
159,8,0,0.5342212915420532,0.6517372131347656,-0.4812937378883362
160,8,0,0.5340746641159058,0.6564200520515442,-0.48101067543029785
161,8,0,0.5275932550430298,0.6648797988891602,-0.4807015061378479
162,8,0,0.5256315469741821,0.6686934232711792,-0.4803568124771118
163,8,0,0.5258474349975586,0.6729401350021362,-0.47914689779281616
164,8,0,0.5280485153198242,0.68158358335495,-0.47841307520866394
165,8,0,0.5256491899490356,0.7013630867004395,-0.4799521565437317
166,8,0,0.5259307622909546,0.7279447317123413,-0.4754331111907959
167,8,0,0.5143315196037292,0.732666015625,-0.4663938879966736
197,7,0,0.3682999908924103,0.9057008028030396,0.15842387080192566
198,7,0,0.37392520904541016,0.9043771624565125,0.16078373789787292
199,7,0,0.4224439263343811,0.8778225183486938,0.16540727019309998
200,7,0,0.5831751823425293,0.7459226846694946,0.17056947946548462
201,7,0,0.6637597680091858,0.6805539131164551,0.1763935387134552
202,7,0,0.6502501368522644,0.6713570356369019,0.1804099828004837
203,7,0,0.6783862113952637,0.6372738480567932,0.18546056747436523
204,7,0,0.7193017601966858,0.5800098180770874,0.1824679672718048
205,7,0,0.7404763698577881,0.5523831844329834,0.18375158309936523
206,7,0,0.7449244260787964,0.5454254150390625,0.18712745606899261
207,7,0,0.7459964752197266,0.5325528383255005,0.18801991641521454
208,0,0,-0.7046924829483032,-0.742762565612793,0.17508187890052795
208,7,0,0.7700798511505127,0.5082944631576538,0.19574257731437683
209,0,0,-0.7915543913841248,-0.7038391828536987,0.19025574624538422
209,7,0,0.8163400888442993,0.4607754349708557,0.2040574997663498
210,0,0,-0.8212035298347473,-0.6615954637527466,0.19356679916381836
210,7,0,0.8240301609039307,0.45065295696258545,0.20793771743774414
211,0,0,-0.8667391538619995,-0.5826271772384644,0.19810447096824646
211,7,0,0.8321952819824219,0.44102776050567627,0.2115357220172882
212,0,0,-0.8910880088806152,-0.5134677886962891,0.1991269737482071
212,7,0,0.8409150838851929,0.43533557653427124,0.21416008472442627
213,0,0,-0.9067684412002563,-0.44317278265953064,0.19966872036457062
213,7,0,0.8568153977394104,0.42216813564300537,0.21428444981575012
214,0,0,-0.9222519397735596,-0.3808915615081787,0.20029637217521667
214,7,0,0.8579138517379761,0.4249468445777893,0.21206769347190857
215,0,0,-0.9339456558227539,-0.3090047538280487,0.2034435272216797
215,7,0,0.8611394166946411,0.4284955859184265,0.20916518568992615
216,0,0,-0.9376736283302307,-0.23936450481414795,0.20614591240882874
216,7,0,0.8655197620391846,0.4321881830692291,0.20549839735031128
217,0,0,-0.924712598323822,-0.20186787843704224,0.20560848712921143
217,7,0,0.8700158596038818,0.4330495297908783,0.19832496345043182
218,0,0,-0.9230104088783264,-0.18782371282577515,0.20328131318092346
218,7,0,0.8671278357505798,0.44269895553588867,0.19741199910640717
219,7,0,0.8654904365539551,0.4455517530441284,0.20105114579200745
220,0,0,-0.939815878868103,-0.08071587234735489,0.20875892043113708
220,7,0,0.8674781918525696,0.4582817554473877,0.20820067822933197
221,0,0,-0.9481896162033081,0.06230920925736427,0.2146991342306137
221,7,0,0.867221474647522,0.47418224811553955,0.21619051694869995
222,0,0,-0.9352356195449829,0.1721675992012024,0.21544039249420166
222,7,0,0.8693280816078186,0.487826406955719,0.21726050972938538
223,0,0,-0.9364001750946045,0.2687200903892517,0.2090877890586853
223,1,0,0.3443337678909302,0.26807138323783875,0.03354480862617493
223,7,0,0.8440583944320679,0.4882870614528656,0.2213224321603775
224,0,0,-0.9196087121963501,0.34933531284332275,0.20634585618972778
224,1,0,0.1977946162223816,0.3186676800251007,0.037759482860565186
224,7,0,0.8242312669754028,0.4622514247894287,0.22254344820976257
225,0,0,-0.9000331163406372,0.4116201400756836,0.20843026041984558
225,1,0,0.09637854993343353,0.4063795208930969,0.026747215539216995
225,7,0,0.7687901258468628,0.3741196393966675,0.22435641288757324
226,0,0,-0.823878288269043,0.5127671360969543,0.21644678711891174
226,1,0,0.16825857758522034,0.5301688313484192,0.00831163115799427
227,0,0,-0.7803019285202026,0.5664851665496826,0.21767351031303406
227,1,0,0.1387886255979538,0.5684686899185181,-0.0023192521184682846
227,5,0,0.25574982166290283,-0.850334107875824,0.18578177690505981
228,0,0,-0.7467110753059387,0.5889497995376587,0.21541213989257812
228,1,0,0.09420660138130188,0.5924592018127441,-0.006548452656716108
228,5,0,0.26847153902053833,-0.8812717795372009,0.17606371641159058
228,7,0,0.26932334899902344,-0.8007200956344604,0.23350754380226135
229,0,0,-0.664495050907135,0.6550210118293762,0.2179800570011139
229,1,0,0.153810054063797,0.554779052734375,-0.013576773926615715
229,5,0,0.2513595223426819,-0.9454312324523926,0.15955905616283417
230,0,0,-0.633091926574707,0.6826610565185547,0.21693944931030273
230,1,0,0.12088429927825928,0.5989617109298706,-0.0223355982452631
230,5,0,0.25053706765174866,-0.949760913848877,0.16331401467323303
231,1,0,0.12097184360027313,0.6025576591491699,-0.028461551293730736
231,5,0,0.25081491470336914,-0.9523651599884033,0.1660550981760025
232,0,0,-0.5740164518356323,0.7463436126708984,0.2148013561964035
232,1,0,0.11796151101589203,0.6086831092834473,-0.03486352041363716
232,5,0,0.24932289123535156,-0.9554339051246643,0.1599908173084259
233,0,0,-0.5432533025741577,0.7974904179573059,0.215674489736557
233,1,0,0.08920884132385254,0.6316462159156799,-0.03795976936817169
233,5,0,0.25147661566734314,-0.9557051062583923,0.16114142537117004
234,0,0,-0.48049724102020264,0.8268155455589294,0.21593496203422546
234,1,0,0.06237023323774338,0.63481605052948,-0.038748160004615784
234,5,0,0.26506921648979187,-0.9556691646575928,0.16078820824623108
235,0,0,-0.42391645908355713,0.8614259958267212,0.21621331572532654
235,1,0,0.030303306877613068,0.6482735872268677,-0.04439166560769081
235,5,0,0.2644607126712799,-0.9569114446640015,0.1586572378873825
236,0,0,-0.3611210584640503,0.8821617364883423,0.21567359566688538
236,1,0,0.009514220990240574,0.6624974608421326,-0.049512457102537155
236,5,0,0.26691097021102905,-0.9566133618354797,0.15860934555530548
237,0,0,-0.2932753562927246,0.9130101203918457,0.21751821041107178
237,1,0,-0.01826239377260208,0.6740017533302307,-0.055333126336336136
237,5,0,0.26687127351760864,-0.9570508003234863,0.15774749219417572
238,0,0,-0.22388845682144165,0.9217456579208374,0.2177833616733551
238,1,0,-0.05687630921602249,0.677571713924408,-0.060264162719249725
238,5,0,0.2766169607639313,-0.9566530585289001,0.1556926667690277
239,0,0,-0.1522325873374939,0.934133768081665,0.21825459599494934
239,1,0,-0.09115780889987946,0.6812541484832764,-0.06857657432556152
239,5,0,0.2787303328514099,-0.9586130380630493,0.1531144082546234
240,0,0,-0.10332481563091278,0.9388024210929871,0.21717947721481323
240,1,0,-0.12156109511852264,0.711607813835144,-0.07823110371828079
240,5,0,0.277601033449173,-0.9579910039901733,0.15318536758422852
241,0,0,-0.05652545392513275,0.9381568431854248,0.21597355604171753
241,1,0,-0.13381613790988922,0.7362360954284668,-0.08753357827663422
241,5,0,0.2734987735748291,-0.9550431370735168,0.15149979293346405
242,0,0,0.0022170599550008774,0.9351588487625122,0.21660467982292175
242,1,0,-0.15478813648223877,0.7375311851501465,-0.09797105193138123
243,0,0,0.06727368384599686,0.931682288646698,0.22013381123542786
244,0,0,0.1607542335987091,0.932998776435852,0.22773116827011108
244,1,0,-0.169904887676239,0.7768946886062622,-0.13689827919006348
244,7,0,0.29344624280929565,-0.8882704973220825,0.20988517999649048
245,0,0,0.1680905818939209,0.9454883933067322,0.23263980448246002
245,1,0,-0.18220838904380798,0.8115100860595703,-0.16026324033737183
246,0,0,0.19335472583770752,0.9366959929466248,0.22754602134227753
246,1,0,-0.20241713523864746,0.8448824286460876,-0.1762009859085083
247,0,0,0.28946492075920105,0.9147958755493164,0.22702448070049286
247,1,0,-0.18197503685951233,0.8702764511108398,-0.20010161399841309
248,0,0,0.42471861839294434,0.8687586188316345,0.2261834740638733
248,1,0,-0.15108723938465118,0.8904340267181396,-0.22891917824745178
249,0,0,0.5658165216445923,0.7936844825744629,0.22393545508384705
249,1,0,-0.12309214472770691,0.9091973900794983,-0.2647508680820465
250,0,0,0.6046757698059082,0.7511738538742065,0.22193531692028046
250,1,0,-0.07586632668972015,0.9271795749664307,-0.29604238271713257
251,0,0,0.6359157562255859,0.7087812423706055,0.2168353646993637
251,1,0,-0.09764236211776733,0.9370436668395996,-0.30472540855407715
252,0,0,0.6590131521224976,0.6792161464691162,0.21445879340171814
252,1,0,-0.053503576666116714,0.9402915239334106,-0.29829141497612
253,0,0,0.6857576370239258,0.6358530521392822,0.21120935678482056
253,1,0,-0.06137982755899429,0.9434004426002502,-0.2927168011665344
254,0,0,0.7187803387641907,0.599191427230835,0.21184241771697998
254,1,0,-0.0805850476026535,0.9409093856811523,-0.2842141389846802
255,0,0,0.775555431842804,0.5333805084228516,0.21738387644290924
255,1,0,-0.10724489390850067,0.9407476186752319,-0.2789633870124817
256,0,0,0.8229098916053772,0.45519155263900757,0.22152863442897797
256,1,0,-0.14341816306114197,0.9173624515533447,-0.2804516553878784
257,0,0,0.8666574954986572,0.3415330648422241,0.22664774954319
257,1,0,-0.1409803032875061,0.8998222351074219,-0.281416654586792
258,0,0,0.8996011018753052,0.26664310693740845,0.2250528633594513
258,1,0,-0.14244771003723145,0.8864593505859375,-0.2842675447463989
259,0,0,0.9162582755088806,0.2395787090063095,0.22278311848640442
259,1,0,-0.16069702804088593,0.8712490797042847,-0.28429630398750305
260,0,0,0.9310921430587769,0.20971325039863586,0.21688582003116608
260,1,0,-0.2169833481311798,0.8617017865180969,-0.28654950857162476
261,0,0,0.931330680847168,0.1978309005498886,0.21171289682388306
261,1,0,-0.4079751968383789,0.8244187831878662,-0.29086440801620483
261,7,0,0.5492720603942871,-0.5593389272689819,-0.06656641513109207
262,0,0,0.9285804629325867,0.19502221047878265,0.20381899178028107
262,1,0,-0.3090986907482147,0.866829514503479,-0.29680299758911133
262,7,0,0.6235027313232422,-0.6268752813339233,-0.12515027821063995
263,0,0,0.939434826374054,0.15986581146717072,0.20299223065376282
263,1,0,-0.2624235153198242,0.8611440062522888,-0.30298691987991333
263,7,0,0.657058835029602,-0.661659300327301,-0.148779958486557
264,0,0,0.930906355381012,0.1400514841079712,0.2004508674144745
264,1,0,-0.2393931746482849,0.8625691533088684,-0.31189802289009094
264,7,0,0.6747090220451355,-0.6771515011787415,-0.17254556715488434
265,0,0,0.9139904379844666,0.16699117422103882,0.19532373547554016
265,1,0,-0.2240234613418579,0.8672400712966919,-0.3162410259246826
265,7,0,0.6781266927719116,-0.6760457754135132,-0.18381346762180328
266,0,0,0.9075183868408203,0.20656639337539673,0.19368162751197815
266,1,0,-0.20465987920761108,0.8729197382926941,-0.3217306137084961
266,7,0,0.6741354465484619,-0.6744832992553711,-0.1883670687675476
267,0,0,0.8966190814971924,0.24913984537124634,0.19294747710227966
267,1,0,-0.18488433957099915,0.8822986483573914,-0.3267427384853363
267,7,0,0.6629585027694702,-0.6803950071334839,-0.19714561104774475
268,0,0,0.8865747451782227,0.31291234493255615,0.18979895114898682
268,1,0,-0.16417324542999268,0.8822813034057617,-0.3299906253814697
268,7,0,0.6637019515037537,-0.6800154447555542,-0.20195938646793365
269,0,0,0.8764992356300354,0.37085723876953125,0.18490593135356903
269,1,0,-0.1296531856060028,0.8863898515701294,-0.3337953984737396
269,7,0,0.6638427376747131,-0.6749227643013,-0.20264631509780884
270,0,0,0.8503717184066772,0.41406774520874023,0.1824832260608673
270,1,0,-0.059493184089660645,0.9067457914352417,-0.3371639549732208
270,7,0,0.6633504629135132,-0.6743215322494507,-0.1991279423236847
271,0,0,0.8395609855651855,0.45391416549682617,0.18531127274036407
271,1,0,-0.03665529936552048,0.9189598560333252,-0.3427248001098633
271,7,0,0.6800658702850342,-0.6690133213996887,-0.20282185077667236
272,0,0,0.8218786716461182,0.5026627779006958,0.18373733758926392
272,1,0,-0.027369054034352303,0.9160467386245728,-0.3489665687084198
272,7,0,0.6775174140930176,-0.6633733510971069,-0.20240867137908936
273,0,0,0.8037267923355103,0.5467037558555603,0.18699654936790466
273,1,0,-0.014325018040835857,0.9166288375854492,-0.35083848237991333
273,7,0,0.6831396222114563,-0.6604107022285461,-0.2047874629497528
274,0,0,0.7921006083488464,0.573225736618042,0.18940308690071106
274,1,0,-0.005244813859462738,0.9178135395050049,-0.3491906523704529
274,7,0,0.6923577189445496,-0.6583240032196045,-0.20652082562446594
275,0,0,0.7571807503700256,0.6315529942512512,0.18881145119667053
275,1,0,0.006251836195588112,0.9166502356529236,-0.3517548441886902
275,7,0,0.6931573152542114,-0.6606581807136536,-0.2074248492717743
276,0,0,0.7043931484222412,0.6894824504852295,0.1897353231906891
276,1,0,0.02850276045501232,0.918695330619812,-0.3514237105846405
276,7,0,0.6982191801071167,-0.6595512628555298,-0.20515698194503784
277,0,0,0.6872069835662842,0.6993756294250488,0.1906498670578003
277,1,0,0.04441198706626892,0.9219943881034851,-0.35166624188423157
277,7,0,0.706882119178772,-0.6515457630157471,-0.20395192503929138
278,0,0,0.6675353050231934,0.7334274053573608,0.19150494039058685
278,1,0,0.04294931888580322,0.9028515219688416,-0.3545486032962799
278,7,0,0.7114728689193726,-0.6539761424064636,-0.2042539268732071
279,0,0,0.6351903676986694,0.7729451060295105,0.19393706321716309
279,1,0,0.044336941093206406,0.8954470753669739,-0.35733455419540405
279,7,0,0.7089158296585083,-0.6601617932319641,-0.20160627365112305
280,0,0,0.5965054631233215,0.8063157796859741,0.19779574871063232
280,1,0,0.05635799840092659,0.8922573924064636,-0.3568872809410095
280,7,0,0.7095804214477539,-0.6626391410827637,-0.19718055427074432
281,0,0,0.5560227632522583,0.8361114263534546,0.20064081251621246
281,1,0,0.0693134218454361,0.891897439956665,-0.35832226276397705
281,7,0,0.7117711305618286,-0.6615495681762695,-0.1963808834552765
282,0,0,0.4322384297847748,0.8862613439559937,0.19850748777389526
282,1,0,0.06330890208482742,0.8914809226989746,-0.3617614209651947
282,7,0,0.6941300630569458,-0.6700156927108765,-0.19707059860229492
283,0,0,0.3386048674583435,0.9101109504699707,0.20241546630859375
283,1,0,0.04931265115737915,0.8929356336593628,-0.3639357089996338
283,7,0,0.684409499168396,-0.6759992837905884,-0.19562485814094543
284,0,0,0.3200724720954895,0.9159332513809204,0.2094142735004425
284,1,0,0.040750883519649506,0.8896844983100891,-0.3662559390068054
284,7,0,0.6888805627822876,-0.6760388612747192,-0.19677647948265076
285,0,0,0.2663686275482178,0.9298191666603088,0.21589025855064392
285,1,0,0.033586535602808,0.8883932828903198,-0.36989647150039673
285,7,0,0.6799283623695374,-0.684700071811676,-0.19291803240776062
286,0,0,0.16646328568458557,0.9391735792160034,0.22274890542030334
286,1,0,0.010130554437637329,0.8905495405197144,-0.37044236063957214
286,7,0,0.6662673950195312,-0.6895760297775269,-0.1798798143863678
287,0,0,0.08920034021139145,0.9410058259963989,0.2296888530254364
287,1,0,-0.01614018715918064,0.8951887488365173,-0.369220495223999
287,7,0,0.6612028479576111,-0.6914375424385071,-0.1608637124300003
288,0,0,0.04196649789810181,0.9398625493049622,0.233585923910141
288,1,0,-0.03951165825128555,0.9051727056503296,-0.36764490604400635
289,0,0,0.01322656124830246,0.929261326789856,0.23836824297904968
289,1,0,-0.07092460244894028,0.9101665019989014,-0.36772459745407104
290,0,0,0.001665548887103796,0.9175107479095459,0.243458554148674
290,1,0,-0.08849093317985535,0.9136903882026672,-0.36773931980133057
291,0,0,-0.014742173254489899,0.9042818546295166,0.25126802921295166
291,1,0,-0.08765555173158646,0.9175426959991455,-0.3683726191520691
292,0,0,-0.05697550252079964,0.892333984375,0.25885140895843506
292,1,0,-0.08945401757955551,0.9222522974014282,-0.3730548918247223
292,7,0,0.6438557505607605,-0.6185182332992554,-0.045236751437187195
293,0,0,-0.1683845818042755,0.8851923942565918,0.2640281319618225
293,1,0,-0.10757499933242798,0.9291310906410217,-0.3705079257488251
294,0,0,-0.2225365936756134,0.8516363501548767,0.2604965269565582
294,1,0,-0.12110909819602966,0.9276381731033325,-0.37137606739997864
295,0,0,-0.27641963958740234,0.827191948890686,0.2626350224018097
295,1,0,-0.16743773221969604,0.9242963790893555,-0.36285126209259033
296,0,0,-0.34024497866630554,0.7991670370101929,0.26387888193130493
296,1,0,-0.20473462343215942,0.9211947917938232,-0.3575041890144348
297,0,0,-0.4129576086997986,0.7635499238967896,0.26672467589378357
297,1,0,-0.2350887656211853,0.9198559522628784,-0.353125661611557
298,0,0,-0.4895048141479492,0.7272734642028809,0.2717641592025757
298,1,0,-0.25666162371635437,0.9210368394851685,-0.3505149483680725
299,0,0,-0.5849390625953674,0.679000735282898,0.2780713438987732
299,1,0,-0.2661053538322449,0.9199863076210022,-0.353232741355896
300,0,0,-0.668128252029419,0.6355646848678589,0.28218281269073486
300,1,0,-0.2691042721271515,0.9192187786102295,-0.3546474277973175
301,0,0,-0.7114401459693909,0.5774665474891663,0.281929075717926
301,1,0,-0.2689683139324188,0.9189261198043823,-0.34919965267181396
302,0,0,-0.7421262264251709,0.5273615717887878,0.2835231125354767
302,1,0,-0.25371041893959045,0.9172144532203674,-0.3453691899776459
303,0,0,-0.778418779373169,0.4437110722064972,0.28857266902923584
303,1,0,-0.23742857575416565,0.9146953821182251,-0.34215831756591797
304,0,0,-0.8247845768928528,0.3677041232585907,0.2979443073272705
304,1,0,-0.22112515568733215,0.9114434719085693,-0.3391583263874054
305,0,0,-0.8789205551147461,0.3038053512573242,0.3161599636077881
305,1,0,-0.19776567816734314,0.9026988744735718,-0.34028512239456177
306,0,0,-0.9010749459266663,0.2530817985534668,0.3210427761077881
306,1,0,-0.2107008993625641,0.9017127752304077,-0.34242093563079834
307,0,0,-0.9138761758804321,0.1876508593559265,0.3215397298336029
307,1,0,-0.2199690043926239,0.8989453315734863,-0.3454233705997467
308,0,0,-0.9241045713424683,0.13381141424179077,0.3211081027984619
308,1,0,-0.22289690375328064,0.8961207866668701,-0.3483794927597046
309,0,0,-0.9253275394439697,0.11760807037353516,0.32268011569976807
309,1,0,-0.23122408986091614,0.8963574171066284,-0.3505651652812958
310,0,0,-0.9230924844741821,0.054622404277324677,0.31992775201797485
310,1,0,-0.23329457640647888,0.8976888060569763,-0.35221976041793823
311,0,0,-0.9050747752189636,0.00333398231305182,0.3172966539859772
311,1,0,-0.2299312949180603,0.9026716947555542,-0.3555722236633301
312,0,0,-0.8863009214401245,-0.07907573133707047,0.3158263564109802
312,1,0,-0.23396769165992737,0.9115897417068481,-0.3609330654144287
313,0,0,-0.8543606996536255,-0.1570315957069397,0.31567174196243286
313,1,0,-0.22901460528373718,0.9268587827682495,-0.3575047254562378
314,0,0,-0.8354068994522095,-0.21900524199008942,0.3137935400009155
314,1,0,-0.19365201890468597,0.9316871166229248,-0.3591463565826416
315,0,0,-0.8251614570617676,-0.25224196910858154,0.31513917446136475
315,1,0,-0.20080114901065826,0.9337605834007263,-0.35800647735595703
316,0,0,-0.8230358362197876,-0.31750956177711487,0.3202976584434509
316,1,0,-0.20969343185424805,0.9351329207420349,-0.36317360401153564
317,0,0,-0.8158682584762573,-0.37849241495132446,0.32477086782455444
317,1,0,-0.2192128747701645,0.9194327592849731,-0.3638603687286377
318,0,0,-0.7737168073654175,-0.4511311948299408,0.3214513659477234
318,1,0,-0.21942853927612305,0.9195834398269653,-0.3630867600440979
319,0,0,-0.7298402786254883,-0.49546971917152405,0.3160631060600281
319,1,0,-0.2136668860912323,0.9204111099243164,-0.3595026433467865
320,0,0,-0.6813164949417114,-0.5552570223808289,0.31507885456085205
320,1,0,-0.2049258053302765,0.9249129295349121,-0.35699915885925293
321,0,0,-0.6433577537536621,-0.6225660443305969,0.3081754744052887
321,1,0,-0.1879584789276123,0.9331408739089966,-0.353139728307724
322,0,0,-0.607032060623169,-0.6815543174743652,0.30434703826904297
322,1,0,-0.17272847890853882,0.9315369129180908,-0.35259222984313965
323,0,0,-0.5598971247673035,-0.7408765554428101,0.301924467086792
323,1,0,-0.16287577152252197,0.9401329159736633,-0.3488890528678894
324,0,0,-0.4833090305328369,-0.8166327476501465,0.30061036348342896
324,1,0,-0.1592581570148468,0.9404867887496948,-0.3479260206222534
325,0,0,-0.4280170798301697,-0.8450748920440674,0.29766327142715454
325,1,0,-0.15696878731250763,0.9453258514404297,-0.3431233763694763
326,0,0,-0.38179463148117065,-0.8567332029342651,0.2959616780281067
326,1,0,-0.1623697131872177,0.9496183395385742,-0.33952605724334717
327,0,0,-0.30913570523262024,-0.8737826347351074,0.2980002760887146
327,1,0,-0.1631634384393692,0.9468169808387756,-0.3381000757217407
328,0,0,-0.2401254028081894,-0.8868415951728821,0.2978001534938812
328,1,0,-0.14747117459774017,0.9456862807273865,-0.3385842442512512
329,0,0,-0.17926493287086487,-0.8997949957847595,0.2924156188964844
329,1,0,-0.13372595608234406,0.9465237855911255,-0.33364632725715637
330,0,0,-0.11691555380821228,-0.9121623039245605,0.2942322790622711
330,1,0,-0.131874218583107,0.94377601146698,-0.3302537798881531
331,0,0,-0.06692288815975189,-0.9142331480979919,0.2941564917564392
331,1,0,-0.12195944786071777,0.9423409700393677,-0.3290458917617798
332,0,0,-0.02682444080710411,-0.920554518699646,0.2982468605041504
332,1,0,-0.13097204267978668,0.9423848390579224,-0.32593485713005066
333,0,0,0.01552046649158001,-0.926963210105896,0.3010810613632202
333,1,0,-0.13522252440452576,0.943882942199707,-0.32586127519607544
334,0,0,0.05750260129570961,-0.9336419105529785,0.30219268798828125
334,1,0,-0.13608020544052124,0.9459000825881958,-0.3248136043548584
335,0,0,0.10426291823387146,-0.9365443587303162,0.3034970164299011
335,1,0,-0.13506393134593964,0.949280858039856,-0.32323402166366577
336,0,0,0.21083921194076538,-0.9437359571456909,0.30646440386772156
336,1,0,-0.14439141750335693,0.9543840885162354,-0.3248451054096222
337,0,0,0.2947191596031189,-0.9359328746795654,0.3067067265510559
337,1,0,-0.14942273497581482,0.9545497298240662,-0.32589900493621826
338,0,0,0.3550637364387512,-0.9172624349594116,0.30263620615005493
338,1,0,-0.14373856782913208,0.9510788321495056,-0.32433778047561646
339,0,0,0.3860131800174713,-0.8909257650375366,0.30003705620765686
339,1,0,-0.14893388748168945,0.9521716237068176,-0.3229289650917053
340,0,0,0.4160417914390564,-0.8730141520500183,0.29890671372413635
340,1,0,-0.14940878748893738,0.9467463493347168,-0.322381854057312
341,0,0,0.48138704895973206,-0.8350894451141357,0.29506972432136536
341,1,0,-0.13649342954158783,0.9396172761917114,-0.31994104385375977
342,0,0,0.5543762445449829,-0.8014930486679077,0.29226088523864746
342,1,0,-0.12335920333862305,0.9369616508483887,-0.316367506980896
343,0,0,0.6002990007400513,-0.7704925537109375,0.2890956401824951
343,1,0,-0.10892856866121292,0.9350570440292358,-0.31111180782318115
344,0,0,0.63611900806427,-0.7384939193725586,0.28527379035949707
344,1,0,-0.09422522783279419,0.9337158203125,-0.3055766224861145
345,0,0,0.6693414449691772,-0.7365376949310303,0.2811731696128845
345,1,0,-0.0895800068974495,0.9396355152130127,-0.3025907278060913
346,0,0,0.711158037185669,-0.6878177523612976,0.2774849534034729
346,1,0,-0.06516963988542557,0.9332771897315979,-0.2977469265460968
347,0,0,0.7309905290603638,-0.6728588342666626,0.27435302734375
347,1,0,-0.05392836779356003,0.9342505931854248,-0.291107177734375
348,0,0,0.7696883082389832,-0.6126939654350281,0.2728577256202698
348,1,0,-0.01174933835864067,0.9245579242706299,-0.2864220142364502
349,0,0,0.7950271368026733,-0.5481265783309937,0.2707397937774658
349,1,0,0.022434605285525322,0.9181978702545166,-0.2803844213485718
350,0,0,0.8073344230651855,-0.5262536406517029,0.26851874589920044
350,1,0,0.05912978947162628,0.9211485981941223,-0.27593934535980225
351,0,0,0.8334997892379761,-0.4593096375465393,0.2641133964061737
351,1,0,0.1295815408229828,0.9006413221359253,-0.2697601318359375
352,0,0,0.8518334627151489,-0.39907306432724,0.26182103157043457
352,1,0,0.1833696961402893,0.8813073039054871,-0.26378369331359863
353,0,0,0.8749500513076782,-0.32138586044311523,0.2581713795661926
353,1,0,0.2470577359199524,0.8582534193992615,-0.2570614814758301
354,0,0,0.898421049118042,-0.20555488765239716,0.25722721219062805
354,1,0,0.30730506777763367,0.829870343208313,-0.250426709651947
355,0,0,0.9002225399017334,-0.154542475938797,0.25262880325317383
355,1,0,0.36021894216537476,0.7951072454452515,-0.2452249526977539
356,0,0,0.8807322978973389,-0.1595122367143631,0.2441120743751526
356,1,0,0.39070025086402893,0.7834877967834473,-0.24307578802108765
357,0,0,0.8826993107795715,-0.1791127622127533,0.2363615334033966
357,1,0,0.4557257294654846,0.7371377348899841,-0.2409975528717041
358,0,0,0.8769404292106628,-0.18291521072387695,0.2290918081998825
358,1,0,0.5210098028182983,0.6977782845497131,-0.24125398695468903
359,0,0,0.8754651546478271,-0.19213318824768066,0.22156649827957153
359,1,0,0.5848990678787231,0.6478186845779419,-0.24246394634246826
360,0,0,0.8397130370140076,-0.21057991683483124,0.21181648969650269
360,1,0,0.643812894821167,0.594655454158783,-0.24390530586242676
361,0,0,0.8193962574005127,-0.18538542091846466,0.20213744044303894
361,1,0,0.7064805030822754,0.5240669846534729,-0.2442304491996765
362,0,0,0.8089044094085693,-0.15141364932060242,0.19382187724113464
362,1,0,0.7603011727333069,0.4417315423488617,-0.24453788995742798
363,0,0,0.7899048328399658,-0.12403583526611328,0.18423622846603394
363,1,0,0.8141916990280151,0.3509838879108429,-0.24035942554473877
364,0,0,0.7584253549575806,-0.09872081875801086,0.1776001751422882
364,1,0,0.8448341488838196,0.2914273142814636,-0.23679569363594055
365,0,0,0.7245098948478699,-0.08044008910655975,0.17144006490707397
365,1,0,0.8772698640823364,0.2173202633857727,-0.2342217117547989
366,0,0,0.6859562397003174,-0.06576264649629593,0.16420570015907288
366,1,0,0.8961701393127441,0.1717694252729416,-0.23256483674049377
367,0,0,0.6481470465660095,-0.07923810184001923,0.15705016255378723
367,1,0,0.9140917658805847,0.12091926485300064,-0.23064763844013214
368,0,0,0.6056793332099915,-0.1144614890217781,0.1494738757610321
368,1,0,0.9254488945007324,0.08478259295225143,-0.22727155685424805
369,0,0,0.5636051297187805,-0.14689600467681885,0.14073370397090912
369,1,0,0.9317389130592346,0.06462470442056656,-0.22370974719524384
370,0,0,0.5368727445602417,-0.1698344349861145,0.13296160101890564
370,1,0,0.9308440685272217,0.06657656282186508,-0.2187235951423645
371,0,0,0.48429596424102783,-0.1818874329328537,0.1263411045074463
372,0,0,0.4372609555721283,-0.2157963067293167,0.11893109977245331
373,0,0,0.3768033981323242,-0.22977125644683838,0.11062197387218475
374,0,0,0.2976309657096863,-0.24061697721481323,0.10374057292938232
375,0,0,0.23824790120124817,-0.2605403661727905,0.0978105217218399
376,0,0,0.16477128863334656,-0.29881852865219116,0.09214361757040024
377,0,0,0.08707091212272644,-0.32924872636795044,0.0854637622833252
378,0,0,0.011614363640546799,-0.3759375214576721,0.07927025854587555
379,0,0,-0.07543516904115677,-0.4285065829753876,0.07055534422397614
380,0,0,-0.16629301011562347,-0.4866217374801636,0.06254879385232925
381,0,0,-0.2659100294113159,-0.5003511905670166,0.05202406644821167
382,0,0,-0.3719000220298767,-0.706924557685852,0.007468553259968758
383,0,0,-0.47042861580848694,-0.7209769487380981,-0.027202339842915535
384,0,0,-0.4665738344192505,-0.6993618011474609,-0.03580101206898689
385,0,0,-0.4499059319496155,-0.674675464630127,-0.04124220833182335
386,0,0,-0.4741802513599396,-0.6536216735839844,-0.04669855162501335
387,0,0,-0.4937703609466553,-0.6314073801040649,-0.048692211508750916
388,0,0,-0.46737462282180786,-0.6264548301696777,-0.048809122294187546
389,0,0,-0.44669222831726074,-0.5941438674926758,-0.04838522523641586
390,0,0,-0.44301968812942505,-0.577455997467041,-0.04631398990750313
391,0,0,-0.43263953924179077,-0.5583167672157288,-0.04561831057071686
392,0,0,-0.41852760314941406,-0.5378669500350952,-0.043054621666669846
393,0,0,-0.39045754075050354,-0.5302403569221497,-0.03910102695226669
394,0,0,-0.35768890380859375,-0.5263398289680481,-0.034774746745824814
395,0,0,-0.3068625330924988,-0.5280354619026184,-0.029439184814691544
396,0,0,-0.26524874567985535,-0.5192371606826782,-0.022121790796518326
397,0,0,-0.20861104130744934,-0.5045337677001953,-0.015450114384293556
398,0,0,-0.1631382703781128,-0.5025065541267395,-0.009887373074889183
399,0,0,-0.11846296489238739,-0.5139663219451904,-0.0037829559296369553
400,0,0,-0.08982561528682709,-0.4973110556602478,0.0030614547431468964
401,0,0,-0.04744017869234085,-0.4891015887260437,0.009975670836865902
402,0,0,-0.016666196286678314,-0.46180039644241333,0.01910737156867981
403,0,0,0.005225398577749729,-0.44437307119369507,0.027109364047646523
404,0,0,0.028463665395975113,-0.41872650384902954,0.034873783588409424
405,0,0,0.03706119582056999,-0.40262848138809204,0.04427671432495117
406,0,0,0.07599339634180069,-0.37027159333229065,0.05180130898952484
407,0,0,0.0841340497136116,-0.3634214997291565,0.06141575425863266
408,0,0,0.09813275933265686,-0.3742297887802124,0.07097719609737396
409,0,0,0.12596395611763,-0.3795289397239685,0.08170408010482788
410,0,0,0.15037626028060913,-0.3990452289581299,0.09525638818740845
411,0,0,0.18995249271392822,-0.4076739549636841,0.11223657429218292
412,0,0,0.22765052318572998,-0.4283224046230316,0.12724465131759644
413,0,0,0.223189115524292,-0.5063215494155884,0.14150932431221008
413,5,0,-0.37726640701293945,0.9159255027770996,0.13915833830833435
414,0,0,0.19466686248779297,-0.5693663358688354,0.1545960009098053
414,5,0,-0.39183127880096436,0.9141888618469238,0.15324091911315918
415,0,0,0.1784876435995102,-0.6297221183776855,0.1682816445827484
415,5,0,-0.40078192949295044,0.9152679443359375,0.15509819984436035
416,0,0,0.18836359679698944,-0.6479004621505737,0.18084627389907837
416,5,0,-0.4084029495716095,0.9111686944961548,0.15332704782485962
417,0,0,0.20868071913719177,-0.6785732507705688,0.19159093499183655
417,5,0,-0.40950459241867065,0.9098272323608398,0.1526111364364624
418,0,0,0.2288263440132141,-0.7168397903442383,0.20082053542137146
418,5,0,-0.41795074939727783,0.9095890522003174,0.1512937843799591
419,0,0,0.2866934537887573,-0.7585238218307495,0.21154281497001648
419,5,0,-0.4242962598800659,0.9092066884040833,0.14894184470176697
420,0,0,0.3581254482269287,-0.800752580165863,0.22480207681655884
420,5,0,-0.4331974387168884,0.9071277976036072,0.1484948694705963
421,0,0,0.41887396574020386,-0.8346755504608154,0.23864388465881348
421,5,0,-0.43680402636528015,0.9074113368988037,0.14922454953193665
422,0,0,0.4301254153251648,-0.9075824022293091,0.2544180154800415
422,5,0,-0.42649954557418823,0.9103557467460632,0.15327098965644836
423,0,0,0.4235202670097351,-0.8982141017913818,0.26723867654800415
424,0,0,0.4204271733760834,-0.9016190767288208,0.2778947353363037
425,0,0,0.4314229488372803,-0.8932772278785706,0.2884746491909027
426,0,0,0.4218658208847046,-0.895430862903595,0.29304954409599304
427,0,0,0.4007842242717743,-0.8843456506729126,0.3002580404281616
428,0,0,0.39413321018218994,-0.8772842884063721,0.3044586181640625
429,0,0,0.393595814704895,-0.8876751661300659,0.3071737289428711
430,0,0,0.4095442295074463,-0.875400960445404,0.31191325187683105
431,0,0,0.4366306662559509,-0.8747043013572693,0.31420522928237915
432,0,0,0.46421197056770325,-0.8569308519363403,0.31660985946655273
433,0,0,0.44951826333999634,-0.8582527041435242,0.3166272044181824
434,0,0,0.45133453607559204,-0.8569256067276001,0.31746405363082886
435,0,0,0.457777202129364,-0.8480985164642334,0.3182934820652008
436,0,0,0.46786850690841675,-0.8427731990814209,0.31813573837280273
437,0,0,0.4771687984466553,-0.8358696699142456,0.31938862800598145
438,0,0,0.47595149278640747,-0.8354860544204712,0.3188486397266388
439,0,0,0.476360559463501,-0.8322799801826477,0.32019442319869995
440,0,0,0.4619833827018738,-0.8370283842086792,0.3200562596321106
441,0,0,0.4803721010684967,-0.8331469297409058,0.3216022849082947
442,0,0,0.47946882247924805,-0.8314073085784912,0.32114604115486145
443,0,0,0.48087015748023987,-0.8300479054450989,0.3219563961029053
444,0,0,0.4810687303543091,-0.8272041082382202,0.322246253490448
445,0,0,0.488505482673645,-0.8239166736602783,0.32129162549972534
446,0,0,0.5024332404136658,-0.8194843530654907,0.3226221203804016
447,0,0,0.5150009393692017,-0.8124017119407654,0.3226119875907898
448,0,0,0.528354287147522,-0.8068228960037231,0.3229445219039917
449,0,0,0.5328333377838135,-0.8019797801971436,0.32266461849212646
450,0,0,0.5291070938110352,-0.8068249225616455,0.3217155933380127
451,0,0,0.5400756597518921,-0.7979608178138733,0.32118797302246094
452,0,0,0.5502977967262268,-0.7914832830429077,0.31987154483795166
453,0,0,0.5430095791816711,-0.7961410284042358,0.3184916377067566
454,0,0,0.5408401489257812,-0.797572672367096,0.317274272441864
455,0,0,0.5286465287208557,-0.8101667165756226,0.3145693242549896
456,0,0,0.5393548011779785,-0.8086714744567871,0.3123696446418762
457,0,0,0.5305566787719727,-0.8155360221862793,0.30808067321777344
458,0,0,0.5479158163070679,-0.8092063665390015,0.30578523874282837
459,0,0,0.5618530511856079,-0.8030704259872437,0.304129958152771
460,0,0,0.5475449562072754,-0.8204246759414673,0.3019760847091675
461,0,0,0.5502505898475647,-0.8234478831291199,0.2986655533313751
462,0,0,0.537061870098114,-0.8288763165473938,0.2967180609703064
463,0,0,0.5358953475952148,-0.8337021470069885,0.29553306102752686
464,0,0,0.5400314331054688,-0.8293981552124023,0.2932819724082947
465,0,0,0.5366295576095581,-0.8351109623908997,0.2931075096130371
466,0,0,0.5531831383705139,-0.8219553232192993,0.2907067537307739
467,0,0,0.5391755700111389,-0.8373991847038269,0.2874104082584381
468,0,0,0.5501433610916138,-0.8332241773605347,0.28651201725006104
469,0,0,0.5561294555664062,-0.8286036252975464,0.2842227518558502
470,0,0,0.5522270202636719,-0.8345838785171509,0.28338298201560974
471,0,0,0.5380147695541382,-0.8368148803710938,0.28158441185951233
472,0,0,0.5415730476379395,-0.844122588634491,0.2793481945991516
473,0,0,0.5392301678657532,-0.8374519348144531,0.277174174785614
474,0,0,0.5401829481124878,-0.8306739330291748,0.275094211101532
475,0,0,0.5348971486091614,-0.8341999053955078,0.27570977807044983
476,0,0,0.5367886424064636,-0.8335378170013428,0.274132639169693
477,0,0,0.5308461785316467,-0.8379459977149963,0.2728692293167114
478,0,0,0.5291482210159302,-0.8398747444152832,0.27152612805366516
479,0,0,0.5334028601646423,-0.8402453660964966,0.2703596353530884
480,0,0,0.5349091291427612,-0.8456132411956787,0.27088814973831177
481,0,0,0.5362163782119751,-0.8422882556915283,0.2669530510902405
482,0,0,0.537091851234436,-0.8422354459762573,0.26653191447257996
483,0,0,0.5369662642478943,-0.8403651118278503,0.2638204097747803
484,0,0,0.5503027439117432,-0.8263281583786011,0.26201051473617554
485,0,0,0.5501052141189575,-0.8305848240852356,0.2608736753463745
486,0,0,0.5531846880912781,-0.8227083086967468,0.2581183612346649
487,0,0,0.552627682685852,-0.8165749311447144,0.25783926248550415
488,0,0,0.5330486297607422,-0.8230034708976746,0.25615227222442627
489,0,0,0.5385111570358276,-0.8166403770446777,0.2561543881893158
490,0,0,0.5108375549316406,-0.8336669206619263,0.2533397674560547
491,0,0,0.5375658273696899,-0.8127343058586121,0.253837913274765
492,0,0,0.5253853797912598,-0.8223711252212524,0.25099360942840576
493,0,0,0.5286168456077576,-0.8134052753448486,0.25053781270980835
494,0,0,0.5041490197181702,-0.8212144374847412,0.2510167360305786
495,0,0,0.5003679990768433,-0.8193169832229614,0.2494848519563675
496,0,0,0.49878326058387756,-0.8169158697128296,0.24973121285438538
497,0,0,0.48348039388656616,-0.828883707523346,0.24847844243049622
498,0,0,0.49323374032974243,-0.8218982815742493,0.2447792887687683
499,0,0,0.49407094717025757,-0.8205185532569885,0.24452775716781616
500,0,0,0.5168274641036987,-0.81145179271698,0.2466905117034912
501,0,0,0.5311614274978638,-0.8086878061294556,0.24833524227142334
502,0,0,0.5691094398498535,-0.8034547567367554,0.24442386627197266
503,0,0,0.5716786980628967,-0.8015975952148438,0.24202051758766174
503,3,0,-0.4533080458641052,0.8721753358840942,0.30029353499412537
504,0,0,0.5732333064079285,-0.8078255653381348,0.25150129199028015
504,3,0,-0.504500687122345,0.8709524869918823,0.3086731731891632
505,0,0,0.577495813369751,-0.7963269948959351,0.25259649753570557
506,0,0,0.5786074995994568,-0.7848490476608276,0.2560165226459503
507,0,0,0.5772676467895508,-0.7853109836578369,0.25704315304756165
508,0,0,0.5721809267997742,-0.7998402118682861,0.2581723630428314
509,0,0,0.5659518837928772,-0.8030496835708618,0.2596239149570465
509,3,0,-0.8025521039962769,0.6456581950187683,0.33608901500701904
510,0,0,0.5349022150039673,-0.8167108297348022,0.2650793492794037
510,3,0,-0.8149369955062866,0.5923669934272766,0.33694207668304443
511,0,0,0.5242617130279541,-0.825395941734314,0.2697412967681885
511,3,0,-0.8442807197570801,0.5248799324035645,0.3379461169242859
512,0,0,0.5225931406021118,-0.8241226673126221,0.27410924434661865
513,0,0,0.5180089473724365,-0.8275070190429688,0.2810198664665222
514,0,0,0.5151999592781067,-0.8184128999710083,0.2843501567840576
515,0,0,0.5175486207008362,-0.8205864429473877,0.2813407778739929
516,0,0,0.515221893787384,-0.8262754082679749,0.28438836336135864
517,0,0,0.5277441740036011,-0.8240766525268555,0.28665870428085327
518,0,0,0.5319842100143433,-0.8162769079208374,0.290411114692688
519,0,0,0.5363439321517944,-0.8202471733093262,0.2918170988559723
520,0,0,0.5361697673797607,-0.8140120506286621,0.29549387097358704
521,0,0,0.5377723574638367,-0.8181113004684448,0.29672569036483765
522,0,0,0.5399409532546997,-0.817589282989502,0.29628193378448486
522,3,0,-0.9358174800872803,-0.20098301768302917,0.36095112562179565
523,0,0,0.532502293586731,-0.8226568698883057,0.2996618151664734
523,3,0,-0.9234452843666077,-0.2872786521911621,0.36451292037963867
524,0,0,0.5278829336166382,-0.8187851905822754,0.3023994565010071
524,3,0,-0.9020822048187256,-0.34930354356765747,0.36444801092147827
525,0,0,0.5325698256492615,-0.8132897019386292,0.30664747953414917
526,0,0,0.532606303691864,-0.811943531036377,0.3055434823036194
527,0,0,0.5271456241607666,-0.8053423166275024,0.3068678677082062
528,0,0,0.5391620397567749,-0.8013782501220703,0.3044408857822418
528,3,0,-0.7262082099914551,-0.7413585782051086,0.35404807329177856
529,0,0,0.5347481966018677,-0.7922511100769043,0.3034926950931549
529,3,0,-0.6533517837524414,-0.7793560028076172,0.35407185554504395
530,0,0,0.5435494184494019,-0.7965487241744995,0.3053651452064514
530,3,0,-0.6096257567405701,-0.8175021409988403,0.35130971670150757
531,0,0,0.5628283023834229,-0.7885777950286865,0.3049103021621704
531,3,0,-0.5580458641052246,-0.8455193042755127,0.34388381242752075
532,0,0,0.5830074548721313,-0.770757794380188,0.30535024404525757
533,0,0,0.5644209384918213,-0.7875173091888428,0.2967790961265564
534,0,0,0.547644853591919,-0.7886369824409485,0.29107511043548584
534,3,0,-0.3830093443393707,-0.9189896583557129,0.3128204047679901
535,0,0,0.5487302541732788,-0.7930983304977417,0.28667715191841125
535,3,0,-0.32960301637649536,-0.9327880144119263,0.2961884140968323
536,0,0,0.559463620185852,-0.8017221689224243,0.2880624830722809
536,3,0,-0.2701055705547333,-0.9394150972366333,0.2902195155620575
537,0,0,0.5544545650482178,-0.8141970038414001,0.28811967372894287
537,3,0,-0.2007123976945877,-0.9416847229003906,0.2815750539302826
538,0,0,0.5372437834739685,-0.8319216966629028,0.2890411615371704
539,0,0,0.5278519988059998,-0.8458630442619324,0.28485897183418274
540,0,0,0.5239666700363159,-0.8588744401931763,0.2831876873970032
540,3,0,-0.026799432933330536,-0.9564037322998047,0.25286489725112915
541,0,0,0.5225081443786621,-0.8533936738967896,0.2797263264656067
541,3,0,0.05554816499352455,-0.9480648040771484,0.24873611330986023
542,0,0,0.5221202969551086,-0.8573960065841675,0.28005123138427734
542,3,0,0.07508617639541626,-0.9548501968383789,0.24455223977565765
543,0,0,0.5267072916030884,-0.8528547883033752,0.2805764377117157
543,3,0,0.11258777976036072,-0.9494524002075195,0.23556870222091675
544,0,0,0.5183181762695312,-0.8654475212097168,0.28088217973709106
545,0,0,0.5080553293228149,-0.8782086372375488,0.27867382764816284
545,3,0,0.23790967464447021,-0.9301728010177612,0.21588382124900818
546,0,0,0.5007927417755127,-0.8764122128486633,0.2767026126384735
546,3,0,0.30966031551361084,-0.9141232967376709,0.20952780544757843
547,0,0,0.5002189874649048,-0.8711726665496826,0.2740333080291748
547,3,0,0.4251410961151123,-0.8772962093353271,0.20005296170711517
548,0,0,0.4999525547027588,-0.8779674768447876,0.2755480408668518
548,3,0,0.4679070711135864,-0.874057412147522,0.19516515731811523
549,0,0,0.49713826179504395,-0.8820055723190308,0.276336669921875
549,3,0,0.5135290622711182,-0.8640003800392151,0.1907859742641449
550,0,0,0.5022002458572388,-0.8811396956443787,0.27742207050323486
550,3,0,0.5717341899871826,-0.8310889005661011,0.18221904337406158
551,0,0,0.49726954102516174,-0.8720139265060425,0.2778638005256653
552,0,0,0.5126351118087769,-0.8778680562973022,0.2766530513763428
553,0,0,0.49760475754737854,-0.8825215101242065,0.272418737411499
553,3,0,0.7836283445358276,-0.620700478553772,0.1652730107307434
554,0,0,0.508719265460968,-0.8844188451766968,0.26738518476486206
554,3,0,0.8407804369926453,-0.511274516582489,0.15718266367912292
555,0,0,0.5110060572624207,-0.8838440179824829,0.26786381006240845
555,3,0,0.8751394748687744,-0.453826367855072,0.14703139662742615
556,0,0,0.5180202126502991,-0.8775646686553955,0.2734795808792114
556,3,0,0.9045873284339905,-0.388136625289917,0.1421785056591034
557,0,0,0.5249369740486145,-0.8745261430740356,0.27688682079315186
557,3,0,0.9152840375900269,-0.32643046975135803,0.13626977801322937
558,0,0,0.4909183084964752,-0.868381679058075,0.2769644558429718
558,3,0,0.9157226085662842,-0.2687656879425049,0.1303292214870453
559,0,0,0.49810516834259033,-0.8616235256195068,0.27613455057144165
559,3,0,0.9304308891296387,-0.1926206350326538,0.12259718775749207
560,0,0,0.49870437383651733,-0.864554226398468,0.2739126682281494
560,3,0,0.936062216758728,-0.13373620808124542,0.11431480944156647
561,0,0,0.5052087903022766,-0.8654996156692505,0.27754688262939453
561,3,0,0.9335207939147949,-0.14606204628944397,0.1064334362745285
562,0,0,0.4835156798362732,-0.8751093149185181,0.2791910171508789
562,3,0,0.9243413209915161,-0.17498600482940674,0.0983852744102478
563,0,0,0.48114854097366333,-0.8875291347503662,0.277548611164093
564,0,0,0.4673444628715515,-0.901688277721405,0.275098979473114
564,3,0,0.9042450189590454,-0.2766893804073334,0.07863707840442657
565,0,0,0.43843114376068115,-0.9009364247322083,0.2690645456314087
565,3,0,0.8834340572357178,-0.34143826365470886,0.06805916875600815
566,0,0,0.4642791748046875,-0.896284818649292,0.2663853168487549
566,3,0,0.8914275765419006,-0.3937694728374481,0.058919016271829605
567,0,0,0.46879565715789795,-0.8987781405448914,0.26915645599365234
567,3,0,0.8956639170646667,-0.4360063672065735,0.057652220129966736
568,0,0,0.4643065929412842,-0.8946306705474854,0.2718842625617981
568,3,0,0.8786392211914062,-0.4808235764503479,0.05989054590463638
569,0,0,0.44548553228378296,-0.8927843570709229,0.27366209030151367
569,3,0,0.8405466079711914,-0.5684973001480103,0.060792990028858185
570,0,0,0.45891761779785156,-0.8913657665252686,0.27203667163848877
571,0,0,0.47168052196502686,-0.8841025829315186,0.2691764533519745
571,3,0,0.7455226182937622,-0.7335566878318787,0.06588362157344818
572,0,0,0.48270535469055176,-0.8831853866577148,0.26697105169296265
572,3,0,0.6792500615119934,-0.7927471995353699,0.06651236861944199
573,0,0,0.49394696950912476,-0.8850774168968201,0.2701808214187622
573,3,0,0.6693919897079468,-0.8148002028465271,0.06924878060817719
574,0,0,0.49595391750335693,-0.8798255920410156,0.2705082893371582
574,3,0,0.6380249261856079,-0.8342381715774536,0.07084251195192337
575,0,0,0.5179541110992432,-0.8587338924407959,0.2702803611755371
575,3,0,0.589671790599823,-0.8621377944946289,0.07462286949157715
576,0,0,0.5043268203735352,-0.8519492149353027,0.2688015103340149
576,3,0,0.5154855251312256,-0.8910109996795654,0.0825023502111435
577,0,0,0.49763214588165283,-0.8493932485580444,0.2650536298751831
577,3,0,0.40899550914764404,-0.9220205545425415,0.08743603527545929
578,0,0,0.5022360682487488,-0.8533024787902832,0.2651091516017914
578,3,0,0.3822634816169739,-0.9291251301765442,0.09180070459842682
579,0,0,0.5147517919540405,-0.8562728762626648,0.2657022476196289
579,3,0,0.36173582077026367,-0.9322247505187988,0.09696146100759506
580,0,0,0.5183944702148438,-0.8540112972259521,0.2639315128326416
580,3,0,0.3627467751502991,-0.9240811467170715,0.09751291573047638
581,0,0,0.5216450691223145,-0.8595499992370605,0.2636200189590454
582,0,0,0.5566977262496948,-0.8416450023651123,0.25762495398521423
582,3,0,0.37885168194770813,-0.906253457069397,0.10049988329410553
583,0,0,0.5516786575317383,-0.8377039432525635,0.2553460896015167
583,3,0,0.367095410823822,-0.9039014577865601,0.10124337673187256
584,0,0,0.5523386001586914,-0.8360564708709717,0.2504342794418335
584,3,0,0.36752763390541077,-0.9012323617935181,0.10318560898303986
585,0,0,0.550765872001648,-0.8444380164146423,0.24934497475624084
586,0,0,0.5636299252510071,-0.8475514650344849,0.24339407682418823
587,0,0,0.5940587520599365,-0.8390367031097412,0.23974163830280304
587,3,0,0.351529598236084,-0.9034315347671509,0.10503469407558441
588,0,0,0.5757003426551819,-0.8508211970329285,0.23594358563423157
589,0,0,0.5889662504196167,-0.8408275842666626,0.23412589728832245
590,0,0,0.5947824716567993,-0.8375227451324463,0.23195406794548035
590,3,0,0.356570839881897,-0.9022016525268555,0.11014159023761749
591,0,0,0.5642819404602051,-0.843475341796875,0.22960785031318665
592,0,0,0.5678914785385132,-0.8443942070007324,0.22992011904716492
593,0,0,0.528999924659729,-0.8616269826889038,0.23287290334701538
594,0,0,0.5703092813491821,-0.8403578996658325,0.23078793287277222
595,0,0,0.5704202651977539,-0.832285463809967,0.2397768497467041
595,3,0,0.38664954900741577,-0.8980255126953125,0.12369382381439209
596,0,0,0.532174289226532,-0.8565549850463867,0.24544212222099304
597,0,0,0.5489299297332764,-0.8631442785263062,0.24906222522258759
598,0,0,0.4979415237903595,-0.8601251840591431,0.25584399700164795
599,0,0,0.46991273760795593,-0.8561344146728516,0.25631386041641235
