11,11,0,0.674268364906311,-0.5851413011550903,0.18712115287780762
12,11,0,0.7140300273895264,-0.586948037147522,0.17849403619766235
13,11,0,0.6929598450660706,-0.5641211271286011,0.17188389599323273
14,11,0,0.6307235360145569,-0.5210285782814026,0.16747567057609558
15,11,0,0.5545995831489563,-0.4830673336982727,0.16279944777488708
16,11,0,0.497256875038147,-0.4135935306549072,0.17074012756347656
17,3,0,-0.9300739765167236,0.3545231819152832,0.13894295692443848
18,3,0,-0.9265756011009216,0.36297374963760376,0.13691169023513794
19,3,0,-0.9266923666000366,0.3826637864112854,0.13989321887493134
20,3,0,-0.9221599102020264,0.3950381875038147,0.13330881297588348
21,3,0,-0.9169323444366455,0.416267454624176,0.1237611323595047
22,3,0,-0.9104708433151245,0.4357399642467499,0.1119653582572937
23,3,0,-0.8973464965820312,0.47198882699012756,0.10340229421854019
24,3,0,-0.9016900062561035,0.45997387170791626,0.09531007707118988
25,5,0,-0.26221412420272827,-0.19982551038265228,0.09748810529708862
26,3,0,-0.9040149450302124,0.43932169675827026,0.09077665209770203
27,5,0,-0.3634476065635681,-0.16882731020450592,0.0983169674873352
28,3,0,-0.8998326063156128,0.42858144640922546,0.08269612491130829
28,5,0,-0.40432819724082947,-0.15434348583221436,0.09745648503303528
29,3,0,-0.8985493183135986,0.3929513096809387,0.08188527077436447
30,5,0,-0.4538000226020813,-0.12451161444187164,0.10143109411001205
33,5,0,-0.5104182362556458,-0.11604790389537811,0.10267582535743713
35,3,0,-0.8912990093231201,0.3801707923412323,0.08020077645778656
36,11,0,0.5394822955131531,-0.23683246970176697,0.12673883140087128
37,11,0,0.5509707927703857,-0.2469601035118103,0.12495265156030655
38,11,0,0.5659818053245544,-0.2552933990955353,0.1239657998085022
39,11,0,0.5821316242218018,-0.26229560375213623,0.12259863317012787
40,11,0,0.5931245684623718,-0.2729318141937256,0.12185798585414886
41,11,0,0.5951863527297974,-0.2765076756477356,0.1214074194431305
42,11,0,0.6031259894371033,-0.2812727987766266,0.12218499928712845
43,11,0,0.611717164516449,-0.28802192211151123,0.12171470373868942
44,11,0,0.6180133819580078,-0.2986516058444977,0.1210673525929451
45,11,0,0.615159273147583,-0.3046136796474457,0.1189398542046547
46,11,0,0.6187588572502136,-0.31116896867752075,0.11806031316518784
47,11,0,0.6218780279159546,-0.31860148906707764,0.11594848334789276
48,11,0,0.6273216605186462,-0.32731854915618896,0.11569750308990479
49,11,0,0.6274849772453308,-0.3248032331466675,0.11435845494270325
50,11,0,0.6296173334121704,-0.32468992471694946,0.11402054876089096
51,11,0,0.6299656629562378,-0.3261009752750397,0.11377573013305664
52,11,0,0.6303948163986206,-0.32625317573547363,0.11423738300800323
53,11,0,0.6298373937606812,-0.32534611225128174,0.11482499539852142
54,11,0,0.6332802772521973,-0.327519953250885,0.11468274146318436
55,11,0,0.6319752335548401,-0.32948920130729675,0.11525839567184448
56,11,0,0.6327325105667114,-0.3310464024543762,0.11699200421571732
57,11,0,0.6302368640899658,-0.33402949571609497,0.11911427974700928
58,11,0,0.6232715845108032,-0.3408820629119873,0.1212620660662651
59,11,0,0.6064153909683228,-0.349767804145813,0.12311264872550964
60,5,0,-0.9246843457221985,0.14911618828773499,0.061843790113925934
60,9,0,-0.9354547262191772,0.10483384132385254,0.03144575655460358
61,2,0,0.6995271444320679,-0.6919889450073242,-0.019166558980941772
61,5,0,-0.9249479174613953,0.1564052700996399,0.06181291490793228
61,9,0,-0.9321364164352417,0.1000458151102066,0.03171747550368309
62,2,0,0.6962225437164307,-0.6885465383529663,-0.019617263227701187
62,5,0,-0.9276230931282043,0.16923943161964417,0.060145605355501175
62,9,0,-0.9316260814666748,0.09095272421836853,0.030429907143115997
63,2,0,0.6914954781532288,-0.680179238319397,-0.01993469148874283
63,5,0,-0.9312825202941895,0.17457419633865356,0.05748426169157028
63,9,0,-0.930406928062439,0.0716189369559288,0.028471775352954865
64,5,0,-0.9351866245269775,0.17435592412948608,0.05615566670894623
64,9,0,-0.9303734302520752,0.05134677141904831,0.02807878516614437
65,5,0,-0.9394917488098145,0.17659184336662292,0.054085873067379
65,9,0,-0.933235764503479,0.04736156761646271,0.02721458300948143
66,5,0,-0.9439339637756348,0.18317405879497528,0.05030553787946701
66,9,0,-0.9348573684692383,0.050106316804885864,0.024805570021271706
67,5,0,-0.9481862783432007,0.1883801370859146,0.04670758545398712
67,9,0,-0.9379268884658813,0.056914858520030975,0.023360062390565872
68,5,0,-0.9499807953834534,0.19147837162017822,0.04699503630399704
68,9,0,-0.9406814575195312,0.07271623611450195,0.025691961869597435
69,5,0,-0.9508495330810547,0.1919991374015808,0.043793801218271255
69,9,0,-0.9458802938461304,0.08682873845100403,0.0236602071672678
70,5,0,-0.9511141777038574,0.19225364923477173,0.04325145483016968
70,9,0,-0.9470205307006836,0.097526416182518,0.024994906038045883
71,5,0,-0.9512571096420288,0.1926092803478241,0.04214268922805786
71,9,0,-0.9455376863479614,0.10573002696037292,0.025666493922472
72,5,0,-0.9500121474266052,0.1938607096672058,0.03832031786441803
72,9,0,-0.9444117546081543,0.11429352313280106,0.02368595264852047
73,9,0,-0.9444551467895508,0.13387247920036316,0.01903931051492691
74,9,0,-0.945178747177124,0.14977045357227325,0.016172457486391068
75,9,0,-0.9403179883956909,0.15615278482437134,0.012741230428218842
76,9,0,-0.926141619682312,0.15760087966918945,0.008413472212851048
77,9,0,-0.9002847671508789,0.15568649768829346,0.0026605743914842606
111,7,0,0.9663338661193848,0.003493618918582797,0.11735261976718903
112,7,0,0.968529999256134,0.00905497744679451,0.11889858543872833
113,7,0,0.9704289436340332,0.004980891477316618,0.11935347318649292
114,7,0,0.9685052633285522,0.0157095305621624,0.11611427366733551
115,7,0,0.971504807472229,0.007807968650013208,0.11511393636465073
116,7,0,0.9730504751205444,0.0012397909304127097,0.1098385602235794
117,7,0,0.9729694724082947,-0.002276930958032608,0.10789909958839417
118,7,0,0.9724563360214233,-0.004068212583661079,0.10397408902645111
119,7,0,0.9726386070251465,-0.0038694709073752165,0.10193304717540741
120,7,0,0.9723865985870361,-0.004943325184285641,0.10251245647668839
121,7,0,0.9722920656204224,-0.007809867616742849,0.09977516531944275
122,7,0,0.9714246988296509,-0.01226786058396101,0.09644724428653717
123,7,0,0.9701220393180847,-0.01387704722583294,0.0933985561132431
124,7,0,0.9701014757156372,-0.01266713161021471,0.09500040113925934
125,7,0,0.9521698951721191,-0.01636282354593277,0.09583865851163864
126,7,0,0.9278552532196045,-0.018438024446368217,0.09315457940101624
127,7,0,0.9067392349243164,-0.02294147200882435,0.09020139276981354
128,7,0,0.8841066360473633,-0.02176147699356079,0.08584325760602951
129,7,0,0.8668869733810425,-0.02199413813650608,0.09009352326393127
132,7,0,0.8239133954048157,-0.03387825936079025,0.0758410096168518
148,2,0,0.922683835029602,0.3838975131511688,-0.03254520148038864
149,2,0,0.9297963380813599,0.36394673585891724,-0.03581366315484047
150,2,0,0.9361692667007446,0.3541080355644226,-0.03780682757496834
151,2,0,0.9371099472045898,0.35096099972724915,-0.03966451436281204
151,7,0,0.9546867609024048,0.1743450164794922,-0.018204545602202415
152,2,0,0.937443196773529,0.3446030616760254,-0.04140688106417656
153,2,0,0.9391159415245056,0.34516751766204834,-0.04267542064189911
154,2,0,0.9394592046737671,0.3489649295806885,-0.04318363219499588
155,2,0,0.9386190176010132,0.35723716020584106,-0.04461103677749634
156,2,0,0.9376717805862427,0.35486191511154175,-0.0447588711977005
157,2,0,0.9299123287200928,0.3490888774394989,-0.045512743294239044
169,8,0,-0.6190314888954163,0.7946062088012695,-0.051592372357845306
170,8,0,-0.5793226361274719,0.7989016771316528,-0.03698801249265671
171,6,0,0.8861942291259766,0.29549679160118103,0.035282447934150696
171,8,0,-0.561585545539856,0.8000024557113647,-0.029948655515909195
172,6,0,0.887459397315979,0.2938496768474579,0.03662145882844925
172,8,0,-0.549393355846405,0.7988495826721191,-0.0259714312851429
173,6,0,0.8869767189025879,0.2900342345237732,0.03845818713307381
173,8,0,-0.5404819846153259,0.7961829900741577,-0.022623229771852493
174,5,0,-0.4437047839164734,0.8674913644790649,-0.052046038210392
174,6,0,0.8853031396865845,0.29388734698295593,0.040427498519420624
174,8,0,-0.5509189367294312,0.7900204062461853,-0.019228536635637283
175,5,0,-0.4361204206943512,0.8726269602775574,-0.053169723600149155
175,6,0,0.8833850622177124,0.29121631383895874,0.042157430201768875
175,8,0,-0.550896167755127,0.7810366749763489,-0.0165497325360775
176,5,0,-0.42714905738830566,0.8783467411994934,-0.05471710488200188
176,6,0,0.8818528652191162,0.29196733236312866,0.04382534325122833
176,8,0,-0.5493024587631226,0.7760291695594788,-0.015611287206411362
177,5,0,-0.4212111234664917,0.8817838430404663,-0.05706503242254257
177,6,0,0.8832367062568665,0.2892339825630188,0.04522091895341873
177,8,0,-0.5428751707077026,0.7690721750259399,-0.016674470156431198
178,5,0,-0.41060853004455566,0.8853694200515747,-0.05855202674865723
178,6,0,0.8823765516281128,0.28386741876602173,0.04698542505502701
179,5,0,-0.40666934847831726,0.8864497542381287,-0.059648238122463226
179,6,0,0.879428505897522,0.2781873047351837,0.04817831516265869
180,5,0,-0.40724530816078186,0.8863397836685181,-0.0604749470949173
180,6,0,0.8750791549682617,0.274372935295105,0.04873526096343994
181,5,0,-0.4056470990180969,0.8864800930023193,-0.06126584857702255
182,5,0,-0.40538302063941956,0.8882436752319336,-0.06259064376354218
182,6,0,0.8692335486412048,0.2718496322631836,0.05052952468395233
183,5,0,-0.4046350121498108,0.8905678987503052,-0.06385137140750885
183,6,0,0.869780421257019,0.2717507481575012,0.05150225758552551
184,5,0,-0.40065401792526245,0.8918485045433044,-0.06601148843765259
185,5,0,-0.3992558717727661,0.8922814130783081,-0.06658544391393661
185,6,0,0.8683227896690369,0.2627168297767639,0.0531076043844223
186,5,0,-0.3990778923034668,0.8939001560211182,-0.0668107345700264
187,5,0,-0.39830291271209717,0.8936024904251099,-0.06733639538288116
188,5,0,-0.3996769189834595,0.8934328556060791,-0.06961382925510406
189,5,0,-0.40219444036483765,0.8939045667648315,-0.07233908772468567
190,5,0,-0.40497517585754395,0.8939656019210815,-0.07623904943466187
191,5,0,-0.40835678577423096,0.8943928480148315,-0.07831370830535889
192,5,0,-0.4120432734489441,0.8941500782966614,-0.07877234369516373
193,5,0,-0.4203632175922394,0.8887808918952942,-0.07985352724790573
193,6,0,0.8827652335166931,0.22970259189605713,0.05884138122200966
194,5,0,-0.4263535737991333,0.8780425786972046,-0.08236329257488251
194,6,0,0.8779507875442505,0.23168179392814636,0.058783724904060364
215,2,0,-0.8811461925506592,-0.456333190202713,0.009674934670329094
216,2,0,-0.9090659022331238,-0.44826358556747437,0.012392956763505936
217,2,0,-0.9137110710144043,-0.4492405354976654,0.012203048914670944
218,2,0,-0.9146901965141296,-0.4577926993370056,0.012167820706963539
219,2,0,-0.9171413779258728,-0.4633476734161377,0.013009331189095974
220,2,0,-0.9139702320098877,-0.4694257974624634,0.013735553249716759
221,2,0,-0.9002664089202881,-0.48235970735549927,0.014031624421477318
222,2,0,-0.8700982332229614,-0.485804945230484,0.014297104440629482
232,11,0,-0.9311404824256897,-0.339092493057251,0.0405743271112442
233,10,0,-0.9372467994689941,-0.22073867917060852,0.018768925219774246
233,11,0,-0.948134183883667,-0.35374775528907776,0.04289059340953827
234,0,0,-0.9001163244247437,-0.26703351736068726,0.025934040546417236
234,11,0,-0.9529880881309509,-0.3524665832519531,0.042484983801841736
235,0,0,-0.9024389982223511,-0.23254503309726715,0.03421882912516594
235,11,0,-0.960067629814148,-0.3289523720741272,0.0420263335108757
236,11,0,-0.9642477035522461,-0.3179928660392761,0.043676599860191345
237,2,0,-0.2735227942466736,-0.6051530241966248,-0.01801922172307968
238,2,0,-0.24408069252967834,-0.607284426689148,-0.02045874111354351
239,2,0,-0.236285001039505,-0.6023766994476318,-0.022975962609052658
243,4,0,-0.9892240762710571,0.03729661554098129,0.0018995832651853561
244,4,0,-0.9898928999900818,0.05198952183127403,0.003438454121351242
244,6,0,0.9262937307357788,0.1232890635728836,0.02044251188635826
245,4,0,-0.9899102449417114,0.050978220999240875,0.004622861742973328
245,6,0,0.9286989569664001,0.12286332994699478,0.020303791388869286
246,4,0,-0.9898320436477661,0.049516886472702026,0.006631758064031601
246,6,0,0.9311838150024414,0.12411350011825562,0.019860725849866867
247,4,0,-0.989766001701355,0.04710236191749573,0.00721689872443676
247,6,0,0.9335911870002747,0.12542976438999176,0.01914193481206894
248,4,0,-0.9897112846374512,0.037552304565906525,0.0076070986688137054
248,6,0,0.9354791641235352,0.12688249349594116,0.018902840092778206
249,4,0,-0.9897043704986572,0.03045734018087387,0.0073857055976986885
249,6,0,0.9363212585449219,0.12944120168685913,0.01870509795844555
250,4,0,-0.9898436069488525,0.02532067894935608,0.006864108145236969
250,6,0,0.93736732006073,0.13108298182487488,0.018810518085956573
251,4,0,-0.9899564981460571,0.02580328658223152,0.008434276096522808
251,6,0,0.9362887144088745,0.13046075403690338,0.01956423744559288
252,4,0,-0.990060567855835,0.027431538328528404,0.008908737450838089
252,6,0,0.9348348379135132,0.13263621926307678,0.0199894979596138
253,4,0,-0.9900352954864502,0.030461011454463005,0.008822551928460598
253,6,0,0.9335434436798096,0.13465207815170288,0.020543552935123444
254,4,0,-0.9898422956466675,0.03121221624314785,0.008255925960838795
254,6,0,0.9316118359565735,0.13676458597183228,0.020890740677714348
255,4,0,-0.9895215034484863,0.03118407167494297,0.007834707386791706
255,6,0,0.9291656017303467,0.1378140151500702,0.02123483642935753
256,4,0,-0.9892269968986511,0.03898519277572632,0.0065209828317165375
256,6,0,0.9253814816474915,0.13724125921726227,0.021285446360707283
257,4,0,-0.9886540770530701,0.0474897176027298,0.0058746784925460815
257,6,0,0.9200161695480347,0.13677601516246796,0.02103065326809883
258,4,0,-0.9880041480064392,0.04499419778585434,0.003501960076391697
258,6,0,0.9142968654632568,0.13898144662380219,0.02001037448644638
259,4,0,-0.9877955913543701,0.04698957875370979,0.002345697022974491
259,6,0,0.9073455333709717,0.1368274688720703,0.01909181848168373
260,4,0,-0.9873439073562622,0.03975214809179306,0.0011688200756907463
260,8,0,-0.9735634922981262,-0.015015846118330956,-0.025911204516887665
261,4,0,-0.9869275689125061,0.037002772092819214,0.0008837655186653137
261,8,0,-0.9722205996513367,-0.021015096455812454,-0.025439582765102386
262,4,0,-0.9850233793258667,0.019364384934306145,-0.00016909465193748474
262,8,0,-0.9697315692901611,-0.0467367060482502,-0.024923428893089294
263,4,0,-0.98108971118927,0.006607361137866974,-0.0012703705579042435
263,8,0,-0.9650641083717346,-0.05837804451584816,-0.025278300046920776
264,4,0,-0.9734008312225342,-0.0017398353666067123,-0.0001673586666584015
264,8,0,-0.9594624042510986,-0.06225507706403732,-0.02184847556054592
326,0,0,-0.8598160743713379,0.19594046473503113,0.00973866879940033
327,0,0,-0.8661802411079407,0.208636075258255,0.00769068393856287
335,0,0,-0.9084595441818237,0.2244463860988617,-0.0044787293300032616
336,0,0,-0.9127901792526245,0.23029573261737823,-0.006537251174449921
337,0,0,-0.9152234196662903,0.2374107837677002,-0.009284335188567638
338,0,0,-0.9172738790512085,0.25251004099845886,-0.011693290434777737
339,0,0,-0.9136683940887451,0.28012269735336304,-0.013923091813921928
340,0,0,-0.9015748500823975,0.3206019997596741,-0.017808830365538597
340,8,0,-0.7817649841308594,0.6600567102432251,-0.0368008129298687
341,0,0,-0.8870728015899658,0.3887788653373718,-0.02386041171848774
341,6,0,0.9210729598999023,0.0207076333463192,0.02274974249303341
341,8,0,-0.7267811298370361,0.6648720502853394,-0.04214615374803543
342,0,0,-0.8935509920120239,0.4116091728210449,-0.02533099427819252
342,6,0,0.923193097114563,0.021357499063014984,0.026068273931741714
342,8,0,-0.6861156821250916,0.6322104930877686,-0.04608834534883499
343,0,0,-0.9021309614181519,0.39066386222839355,-0.02738070674240589
343,6,0,0.9240658283233643,0.028416458517313004,0.027058055624365807
343,8,0,-0.6552081108093262,0.5854190587997437,-0.04990272969007492
344,0,0,-0.8993678092956543,0.40090519189834595,-0.028832904994487762
344,8,0,-0.6246865391731262,0.5376713275909424,-0.05241912230849266
345,0,0,-0.8924038410186768,0.4165363311767578,-0.030152201652526855
345,8,0,-0.6077977418899536,0.506144642829895,-0.0537177175283432
346,0,0,-0.888603150844574,0.4267517030239105,-0.0312759131193161
346,8,0,-0.5927751064300537,0.47849756479263306,-0.055989135056734085
347,0,0,-0.8927091360092163,0.4189104437828064,-0.031191034242510796
347,8,0,-0.5820624232292175,0.44951698184013367,-0.056976426392793655
348,0,0,-0.8950762748718262,0.4150437116622925,-0.031481336802244186
348,8,0,-0.5742378234863281,0.42291510105133057,-0.05769902840256691
349,0,0,-0.8988519906997681,0.4044623374938965,-0.03151003643870354
349,8,0,-0.5666678547859192,0.39304304122924805,-0.05810768902301788
350,0,0,-0.9034570455551147,0.38805609941482544,-0.031327515840530396
351,0,0,-0.9084450602531433,0.3642619848251343,-0.031181100755929947
351,1,0,0.8851220011711121,-0.4942331612110138,-0.03197852894663811
352,0,0,-0.91462242603302,0.3381083011627197,-0.030886461958289146
352,1,0,0.8908047676086426,-0.5158214569091797,-0.03266365826129913
353,0,0,-0.9197373390197754,0.3258933424949646,-0.030385462567210197
353,1,0,0.8903084397315979,-0.5300149321556091,-0.03361023962497711
354,0,0,-0.9218348264694214,0.31452739238739014,-0.030485069379210472
354,1,0,0.8900570869445801,-0.541863203048706,-0.03485047072172165
355,0,0,-0.9248196482658386,0.30564358830451965,-0.028951158747076988
355,1,0,0.8902723789215088,-0.5497033596038818,-0.03534817323088646
356,0,0,-0.9267499446868896,0.29948651790618896,-0.02730674296617508
356,1,0,0.8934828639030457,-0.5497125387191772,-0.0349750779569149
357,0,0,-0.9307019710540771,0.2831532955169678,-0.02497558668255806
357,1,0,0.8909379839897156,-0.5569651126861572,-0.03504829481244087
358,0,0,-0.9325844645500183,0.2731196880340576,-0.02357245795428753
358,1,0,0.8900497555732727,-0.5643596649169922,-0.03476906567811966
359,0,0,-0.9343824982643127,0.26043882966041565,-0.022197233512997627
359,1,0,0.8895587921142578,-0.5636405944824219,-0.033598896116018295
360,0,0,-0.9367859959602356,0.2433849573135376,-0.021464942023158073
360,1,0,0.8905402421951294,-0.5556066036224365,-0.032927438616752625
361,0,0,-0.9415885806083679,0.22050446271896362,-0.01905038394033909
361,1,0,0.893867552280426,-0.5465863347053528,-0.03327631950378418
362,0,0,-0.943396270275116,0.21254673600196838,-0.016965828835964203
362,1,0,0.8960118889808655,-0.5412517786026001,-0.03335439786314964
363,0,0,-0.9437850713729858,0.20998573303222656,-0.01628081500530243
363,1,0,0.8964270353317261,-0.5328720808029175,-0.03302144631743431
364,0,0,-0.9463028311729431,0.19375629723072052,-0.015126495622098446
364,1,0,0.8961069583892822,-0.5154591798782349,-0.032808080315589905
365,0,0,-0.947074294090271,0.18347962200641632,-0.014475625939667225
365,1,0,0.9010963439941406,-0.5006054639816284,-0.03366879001259804
366,0,0,-0.948974609375,0.17233319580554962,-0.013416565023362637
366,1,0,0.9006866812705994,-0.48933881521224976,-0.03397763520479202
367,0,0,-0.9505173563957214,0.16114820539951324,-0.012639342807233334
367,1,0,0.9014490842819214,-0.4814547896385193,-0.03428063541650772
368,0,0,-0.9514338970184326,0.13806800544261932,-0.012827757745981216
368,1,0,0.9052141904830933,-0.47738420963287354,-0.03472030907869339
369,0,0,-0.9513457417488098,0.11558467149734497,-0.013559963554143906
369,1,0,0.9124751091003418,-0.4804643988609314,-0.03570524603128433
370,0,0,-0.9503360390663147,0.10454108566045761,-0.01686493121087551
370,1,0,0.9174532890319824,-0.48176246881484985,-0.03557126596570015
371,0,0,-0.9496769905090332,0.09960664808750153,-0.017636112868785858
371,1,0,0.9196144342422485,-0.4746910631656647,-0.03540220484137535
372,0,0,-0.9493502378463745,0.09348288923501968,-0.018381895497441292
372,1,0,0.9220377206802368,-0.4681793749332428,-0.03522604703903198
373,0,0,-0.9492419958114624,0.0894036740064621,-0.01889786683022976
373,1,0,0.927836537361145,-0.46589386463165283,-0.03503895178437233
374,0,0,-0.9491357207298279,0.07852599024772644,-0.018905604258179665
374,1,0,0.9305302500724792,-0.45899268984794617,-0.03523002564907074
375,0,0,-0.9491279125213623,0.06898952275514603,-0.019569264724850655
375,1,0,0.9337805509567261,-0.4464836120605469,-0.035863883793354034
376,0,0,-0.9497935771942139,0.04587727040052414,-0.019810019060969353
376,1,0,0.9339820146560669,-0.43862366676330566,-0.035929545760154724
377,0,0,-0.9484419822692871,0.029559502378106117,-0.01996154896914959
377,1,0,0.9359681606292725,-0.42950239777565,-0.03598720580339432
378,0,0,-0.9488257169723511,0.011531122960150242,-0.021206727251410484
378,1,0,0.9396567344665527,-0.4194939136505127,-0.03681333363056183
379,0,0,-0.949933648109436,-0.014198943972587585,-0.02274215966463089
379,1,0,0.9380776882171631,-0.4146866798400879,-0.03664390742778778
380,0,0,-0.9500645399093628,-0.040475282818078995,-0.024068837985396385
380,1,0,0.938849925994873,-0.3987993001937866,-0.03526986390352249
381,0,0,-0.9492312073707581,-0.06561402231454849,-0.025364819914102554
381,1,0,0.9352906346321106,-0.4025566279888153,-0.03451808914542198
382,0,0,-0.9494397044181824,-0.10205128788948059,-0.025158565491437912
382,1,0,0.9271314144134521,-0.41532444953918457,-0.0342869833111763
383,0,0,-0.950486421585083,-0.12642687559127808,-0.024519704282283783
383,1,0,0.9156200885772705,-0.4338374733924866,-0.034854188561439514
384,0,0,-0.9494825601577759,-0.1467338502407074,-0.024667179211974144
384,1,0,0.9065151214599609,-0.44533807039260864,-0.03578530251979828
385,0,0,-0.9482356309890747,-0.16599756479263306,-0.024870775640010834
385,1,0,0.8991563320159912,-0.45462530851364136,-0.03565724194049835
386,0,0,-0.947733998298645,-0.18580886721611023,-0.025625547394156456
386,1,0,0.8913912773132324,-0.4580461084842682,-0.0355684794485569
387,0,0,-0.9474247097969055,-0.20719382166862488,-0.02711859717965126
387,1,0,0.8873324394226074,-0.4534529447555542,-0.035351574420928955
388,0,0,-0.9462235569953918,-0.23350320756435394,-0.02820339798927307
388,1,0,0.8933630585670471,-0.44851404428482056,-0.03565606474876404
389,0,0,-0.9434300661087036,-0.2585197687149048,-0.02893015556037426
389,1,0,0.8963316679000854,-0.44539445638656616,-0.03556323051452637
390,0,0,-0.9401049017906189,-0.28449195623397827,-0.030029647052288055
390,1,0,0.8994345664978027,-0.4429836869239807,-0.03583832085132599
391,0,0,-0.93743896484375,-0.29306501150131226,-0.0299337450414896
391,1,0,0.9028370380401611,-0.44021928310394287,-0.036224693059921265
392,0,0,-0.9348514676094055,-0.3047012388706207,-0.03018021583557129
392,1,0,0.9086596369743347,-0.4418483376502991,-0.03731773793697357
393,0,0,-0.9307005405426025,-0.3186136782169342,-0.03109242208302021
393,1,0,0.9130582213401794,-0.44723835587501526,-0.037689708173274994
394,0,0,-0.9281004667282104,-0.3261649012565613,-0.03203060105443001
394,1,0,0.9166382551193237,-0.4538329243659973,-0.037909530103206635
395,0,0,-0.9256113767623901,-0.33653515577316284,-0.03259254992008209
395,1,0,0.9195153713226318,-0.45936328172683716,-0.03823854401707649
396,0,0,-0.922518253326416,-0.34695544838905334,-0.03287901729345322
396,1,0,0.9211205244064331,-0.46679794788360596,-0.03813556581735611
397,0,0,-0.9202283620834351,-0.348720908164978,-0.03176668658852577
397,1,0,0.9227553606033325,-0.46900972723960876,-0.038530390709638596
398,0,0,-0.917156994342804,-0.3539654314517975,-0.03128371387720108
398,1,0,0.9238581657409668,-0.47469252347946167,-0.03935110196471214
399,0,0,-0.9146050214767456,-0.365179181098938,-0.031187981367111206
399,1,0,0.9257873296737671,-0.48231762647628784,-0.04055619612336159
400,0,0,-0.9105249643325806,-0.38972967863082886,-0.03158866986632347
400,1,0,0.9284223318099976,-0.4878106117248535,-0.04111437872052193
401,0,0,-0.9059017896652222,-0.4161255359649658,-0.03136235848069191
401,1,0,0.9302675724029541,-0.4868580400943756,-0.04164429381489754
402,0,0,-0.900458574295044,-0.44216397404670715,-0.03164876997470856
402,1,0,0.9311550855636597,-0.48793232440948486,-0.042112797498703
403,0,0,-0.8956670761108398,-0.4611056447029114,-0.03235647454857826
403,1,0,0.9315943121910095,-0.4904230833053589,-0.042987752705812454
404,0,0,-0.8898001909255981,-0.4814756512641907,-0.033191412687301636
404,1,0,0.9318183660507202,-0.49170273542404175,-0.04380268603563309
405,0,0,-0.8843032717704773,-0.5018541812896729,-0.034172773361206055
405,1,0,0.9330447316169739,-0.4909404516220093,-0.0452272854745388
406,0,0,-0.8837168216705322,-0.5025486946105957,-0.0339667908847332
406,1,0,0.9335026741027832,-0.49143365025520325,-0.04614424705505371
407,0,0,-0.8759154081344604,-0.5153405666351318,-0.03469182550907135
407,1,0,0.9369410276412964,-0.48786675930023193,-0.04704304412007332
408,0,0,-0.8772985935211182,-0.5250875949859619,-0.034562140703201294
408,1,0,0.9338454008102417,-0.4938574433326721,-0.04652533680200577
409,0,0,-0.8788617253303528,-0.5274479389190674,-0.03619595989584923
409,1,0,0.9292175769805908,-0.4955260157585144,-0.04631207138299942
410,0,0,-0.8807417154312134,-0.5248149037361145,-0.03515174612402916
410,1,0,0.9251911640167236,-0.4912046194076538,-0.04621199518442154
411,0,0,-0.8837214708328247,-0.5084242820739746,-0.03705831989645958
411,1,0,0.9271349906921387,-0.4850419759750366,-0.047426335513591766
412,0,0,-0.8734809160232544,-0.5201306343078613,-0.03891243040561676
412,1,0,0.9303931593894958,-0.4813377857208252,-0.047770556062459946
413,0,0,-0.8619376420974731,-0.5416474342346191,-0.04010032117366791
413,1,0,0.9333896636962891,-0.47884273529052734,-0.046823471784591675
414,0,0,-0.8512122631072998,-0.5565147399902344,-0.04159613326191902
414,1,0,0.935149610042572,-0.4740886986255646,-0.04688893258571625
415,0,0,-0.8387294411659241,-0.5764512419700623,-0.04298918694257736
415,1,0,0.9373780488967896,-0.4678836464881897,-0.04591606557369232
416,0,0,-0.8300920724868774,-0.592494547367096,-0.044147707521915436
416,1,0,0.9410741329193115,-0.45831575989723206,-0.04538916051387787
417,0,0,-0.8265360593795776,-0.6038408279418945,-0.045327018946409225
417,1,0,0.9428155422210693,-0.4596601724624634,-0.04507329314947128
418,0,0,-0.828082263469696,-0.6005016565322876,-0.046072982251644135
418,1,0,0.942474901676178,-0.4611550569534302,-0.04452652111649513
419,0,0,-0.8328192830085754,-0.5876314640045166,-0.045958954840898514
419,1,0,0.9416515827178955,-0.46168243885040283,-0.044662054628133774
420,0,0,-0.8410588502883911,-0.5624352097511292,-0.044637974351644516
420,1,0,0.9415632486343384,-0.4589732587337494,-0.04503665491938591
421,0,0,-0.8470760583877563,-0.5538302659988403,-0.04356110468506813
421,1,0,0.9421743154525757,-0.45205873250961304,-0.0465204156935215
422,0,0,-0.8497874736785889,-0.5639725923538208,-0.0456424318253994
422,1,0,0.9442877173423767,-0.4312111735343933,-0.049330469220876694
423,0,0,-0.8454115986824036,-0.5672730207443237,-0.048145271837711334
423,1,0,0.9430661201477051,-0.42080798745155334,-0.05197789520025253
424,0,0,-0.8435969948768616,-0.5664476156234741,-0.049528446048498154
424,1,0,0.9428987503051758,-0.4084455668926239,-0.05339363217353821
425,0,0,-0.8423478603363037,-0.5592873692512512,-0.05094802379608154
425,1,0,0.942419171333313,-0.3915584683418274,-0.055682890117168427
426,0,0,-0.8413174748420715,-0.5560883283615112,-0.053164929151535034
426,1,0,0.9412097930908203,-0.3722723722457886,-0.05740605294704437
427,0,0,-0.8393129110336304,-0.5563090443611145,-0.05305897071957588
427,1,0,0.9392148852348328,-0.3669043779373169,-0.058386608958244324
428,0,0,-0.8378275632858276,-0.5529941320419312,-0.052828866988420486
428,1,0,0.93699049949646,-0.36634424328804016,-0.05919661372900009
429,0,0,-0.8375141620635986,-0.5475985407829285,-0.052867915481328964
429,1,0,0.9325228333473206,-0.37407058477401733,-0.0588245615363121
430,0,0,-0.8442094326019287,-0.5303800702095032,-0.05259367451071739
430,1,0,0.9274835586547852,-0.38128989934921265,-0.05813562497496605
431,0,0,-0.8477306365966797,-0.5103647112846375,-0.051835797727108
431,1,0,0.9231552481651306,-0.3838122487068176,-0.059579551219940186
432,0,0,-0.8436347842216492,-0.4968273639678955,-0.05201813578605652
432,1,0,0.9195429086685181,-0.3875228464603424,-0.06122353672981262
433,0,0,-0.8559005856513977,-0.47489452362060547,-0.051367782056331635
433,1,0,0.9165999293327332,-0.389987587928772,-0.06370922178030014
434,0,0,-0.8652490377426147,-0.462885320186615,-0.04923682659864426
434,1,0,0.9115498065948486,-0.39412564039230347,-0.06507454067468643
435,0,0,-0.8707807064056396,-0.4555917978286743,-0.047466032207012177
435,1,0,0.9160239696502686,-0.3886507749557495,-0.06716376543045044
436,0,0,-0.8728191256523132,-0.45317941904067993,-0.048710573464632034
436,1,0,0.9201995134353638,-0.3792552351951599,-0.06913593411445618
437,0,0,-0.8767615556716919,-0.45127707719802856,-0.04864054545760155
437,1,0,0.9152412414550781,-0.38634926080703735,-0.07220206409692764
438,0,0,-0.8805451393127441,-0.4438942074775696,-0.048223868012428284
438,1,0,0.9106741547584534,-0.39918673038482666,-0.07399185001850128
439,0,0,-0.8851948976516724,-0.4404487907886505,-0.047233808785676956
439,1,0,0.9057719707489014,-0.41550394892692566,-0.07512669265270233
440,0,0,-0.8891883492469788,-0.4314364790916443,-0.04564256593585014
440,1,0,0.9003206491470337,-0.43069303035736084,-0.07593531161546707
441,0,0,-0.8940505385398865,-0.41800135374069214,-0.04381358250975609
441,1,0,0.8963233232498169,-0.441410094499588,-0.07637633383274078
442,0,0,-0.8984714150428772,-0.4031834900379181,-0.04245387390255928
442,1,0,0.8937410116195679,-0.44568294286727905,-0.0766279548406601
443,0,0,-0.9024452567100525,-0.3795238137245178,-0.04232898727059364
443,1,0,0.8883371353149414,-0.4461260437965393,-0.07777801156044006
444,0,0,-0.9082615375518799,-0.3510171175003052,-0.04140828177332878
444,1,0,0.8917531967163086,-0.4425058364868164,-0.07786227017641068
445,0,0,-0.9124127626419067,-0.3286922872066498,-0.04136976599693298
445,1,0,0.894953727722168,-0.44235605001449585,-0.07790613174438477
446,0,0,-0.9185460805892944,-0.3280097246170044,-0.039911698549985886
446,1,0,0.8956534266471863,-0.4499961733818054,-0.0768803283572197
447,0,0,-0.9219256043434143,-0.32847651839256287,-0.03955128788948059
447,1,0,0.8932688236236572,-0.4587494432926178,-0.07593058049678802
448,0,0,-0.9241160154342651,-0.32518988847732544,-0.0390557236969471
448,1,0,0.8895987272262573,-0.46511727571487427,-0.07537075132131577
449,0,0,-0.928076982498169,-0.3093554377555847,-0.03709268197417259
449,1,0,0.8884063959121704,-0.46849197149276733,-0.0744098648428917
450,0,0,-0.9287753105163574,-0.292086124420166,-0.03610777109861374
450,1,0,0.8945760726928711,-0.46831849217414856,-0.07342992722988129
451,0,0,-0.9313355684280396,-0.2774508595466614,-0.03566313534975052
451,1,0,0.9026791453361511,-0.47234344482421875,-0.07181838154792786
452,0,0,-0.9319887757301331,-0.27065908908843994,-0.03389212116599083
452,1,0,0.9040214419364929,-0.4807026982307434,-0.06861693412065506
453,0,0,-0.9339020252227783,-0.2653679847717285,-0.031914323568344116
453,1,0,0.9033966064453125,-0.49257534742355347,-0.06489288061857224
454,0,0,-0.9375803470611572,-0.2582205533981323,-0.030778877437114716
454,1,0,0.9022089242935181,-0.5030686855316162,-0.06144028902053833
455,0,0,-0.9408613443374634,-0.24465236067771912,-0.02952001802623272
455,1,0,0.9033795595169067,-0.5100674629211426,-0.057642143219709396
456,0,0,-0.9435157775878906,-0.23160281777381897,-0.02873663417994976
456,1,0,0.8990709781646729,-0.5214262008666992,-0.05443602055311203
457,0,0,-0.9466675519943237,-0.21185410022735596,-0.02727212756872177
457,1,0,0.8930643796920776,-0.5264922976493835,-0.05279732868075371
458,0,0,-0.9490318298339844,-0.185799703001976,-0.02734064869582653
458,1,0,0.8971530199050903,-0.5235418081283569,-0.05362872779369354
459,0,0,-0.9518382549285889,-0.14286041259765625,-0.026375016197562218
459,1,0,0.8972518444061279,-0.5185767412185669,-0.054595280438661575
460,0,0,-0.9523007273674011,-0.11454123258590698,-0.025109536945819855
460,1,0,0.8985775113105774,-0.5145232677459717,-0.05649854615330696
461,0,0,-0.9505917429924011,-0.08678610622882843,-0.022770972922444344
461,1,0,0.8994481563568115,-0.5109473466873169,-0.05828389525413513
462,0,0,-0.9467960596084595,-0.06318186223506927,-0.0214750487357378
462,1,0,0.9005004167556763,-0.509666919708252,-0.06126749515533447
463,0,0,-0.9433889985084534,-0.05239035189151764,-0.023373644798994064
463,1,0,0.9034228920936584,-0.5154398679733276,-0.06642498821020126
464,0,0,-0.9406000971794128,-0.03151822090148926,-0.02543155662715435
464,1,0,0.9022030830383301,-0.5114363431930542,-0.06976460665464401
465,0,0,-0.9377562403678894,-0.009923255071043968,-0.027203701436519623
465,1,0,0.8997982740402222,-0.4993608295917511,-0.07194873690605164
466,0,0,-0.9372434020042419,0.005361579358577728,-0.029904846101999283
466,1,0,0.8934211730957031,-0.48031628131866455,-0.07439428567886353
467,0,0,-0.9396587610244751,0.010210279375314713,-0.03392554074525833
467,1,0,0.8956595063209534,-0.4448206126689911,-0.07567490637302399
468,0,0,-0.9403350949287415,0.014591598883271217,-0.03555950149893761
468,1,0,0.900753378868103,-0.4095098078250885,-0.0777907446026802
469,0,0,-0.9411163926124573,0.01871839538216591,-0.03590661287307739
469,1,0,0.9077733755111694,-0.38330522179603577,-0.07968253642320633
470,0,0,-0.9412709474563599,0.02674049511551857,-0.03673490509390831
470,1,0,0.9131052494049072,-0.36738401651382446,-0.08144333958625793
471,0,0,-0.9419276118278503,0.033082135021686554,-0.03753519803285599
471,1,0,0.9162337779998779,-0.36626213788986206,-0.0821816697716713
472,0,0,-0.9423719048500061,0.0431121364235878,-0.03877899795770645
472,1,0,0.9175276756286621,-0.36618971824645996,-0.08306198567152023
473,0,0,-0.9402899742126465,0.059202034026384354,-0.04084125906229019
473,1,0,0.9201633930206299,-0.36562925577163696,-0.08442980796098709
474,0,0,-0.9368565082550049,0.07721585035324097,-0.041514802724123
474,1,0,0.9240602254867554,-0.36667776107788086,-0.08473369479179382
475,0,0,-0.9334182739257812,0.09093450754880905,-0.040214650332927704
475,1,0,0.9276206493377686,-0.3728184103965759,-0.08396390080451965
476,0,0,-0.9292201995849609,0.0916765034198761,-0.03855999559164047
476,1,0,0.9239839315414429,-0.3813946843147278,-0.08395492285490036
477,0,0,-0.9231503009796143,0.1084311306476593,-0.03777724876999855
477,1,0,0.9195981025695801,-0.3890719413757324,-0.08462626487016678
478,0,0,-0.9147217273712158,0.13500180840492249,-0.03768743947148323
478,1,0,0.9160681962966919,-0.3949812352657318,-0.08608581125736237
479,0,0,-0.9122945070266724,0.14257177710533142,-0.037454791367053986
479,1,0,0.9161304831504822,-0.3988950848579407,-0.088909812271595
480,0,0,-0.910153329372406,0.17797794938087463,-0.04174089804291725
480,1,0,0.9186791777610779,-0.39560118317604065,-0.0952114686369896
481,0,0,-0.9060790538787842,0.2038554549217224,-0.04520339146256447
481,1,0,0.9113743305206299,-0.4025302529335022,-0.09761291742324829
482,0,0,-0.900856614112854,0.22894573211669922,-0.04813111573457718
482,1,0,0.9106807708740234,-0.3974621295928955,-0.09827447682619095
483,0,0,-0.8968849182128906,0.2578844130039215,-0.04939349740743637
483,1,0,0.9106988906860352,-0.3938938081264496,-0.09880506247282028
484,0,0,-0.8937888145446777,0.27727824449539185,-0.0496995709836483
484,1,0,0.9065510630607605,-0.39885151386260986,-0.09907781332731247
485,0,0,-0.883533239364624,0.29920366406440735,-0.05098811909556389
485,1,0,0.9064874053001404,-0.40698379278182983,-0.09972529858350754
486,0,0,-0.8740221858024597,0.32089173793792725,-0.05172070860862732
486,1,0,0.9104007482528687,-0.41348928213119507,-0.10078378766775131
487,0,0,-0.8600976467132568,0.3533917963504791,-0.052704375237226486
487,1,0,0.9113485813140869,-0.4201662838459015,-0.10171200335025787
488,0,0,-0.8478095531463623,0.38116830587387085,-0.05317533388733864
488,1,0,0.912148118019104,-0.41662299633026123,-0.10212920606136322
489,0,0,-0.8382976055145264,0.4027095437049866,-0.05174320563673973
489,1,0,0.9160754680633545,-0.40712571144104004,-0.10216592997312546
490,0,0,-0.834773063659668,0.41602787375450134,-0.04954158887267113
490,1,0,0.920133113861084,-0.39765676856040955,-0.10210224241018295
491,0,0,-0.8315123319625854,0.43483418226242065,-0.047103267163038254
491,1,0,0.9206380248069763,-0.3938118815422058,-0.10386978089809418
492,0,0,-0.8269026279449463,0.45075297355651855,-0.0469043143093586
492,1,0,0.9170500636100769,-0.3825315237045288,-0.10316925495862961
493,0,0,-0.8212258219718933,0.46821343898773193,-0.047064296901226044
493,1,0,0.9129763841629028,-0.38051390647888184,-0.10192054510116577
494,0,0,-0.8174643516540527,0.481575071811676,-0.04694627970457077
494,1,0,0.9128264784812927,-0.36715900897979736,-0.10222242772579193
495,0,0,-0.8149720430374146,0.4973800480365753,-0.04767652973532677
495,1,0,0.9146121144294739,-0.35651466250419617,-0.10299456119537354
496,0,0,-0.811109185218811,0.5056431889533997,-0.04778566211462021
496,1,0,0.9160828590393066,-0.34835880994796753,-0.10449253022670746
497,0,0,-0.8099285364151001,0.5158801674842834,-0.047822609543800354
497,1,0,0.9194943308830261,-0.3452807664871216,-0.10305378586053848
498,0,0,-0.809508204460144,0.5329186916351318,-0.04668571054935455
498,1,0,0.921074628829956,-0.3496069312095642,-0.1027306467294693
499,0,0,-0.8066467046737671,0.5420032739639282,-0.04535314440727234
499,1,0,0.921785831451416,-0.34982001781463623,-0.10031728446483612
500,0,0,-0.8037830591201782,0.5523374080657959,-0.04384654015302658
500,1,0,0.9224069118499756,-0.34815269708633423,-0.09771016985177994
501,0,0,-0.7973253130912781,0.5599140524864197,-0.0424124039709568
501,1,0,0.9239277839660645,-0.34951484203338623,-0.09683897346258163
502,0,0,-0.7879624366760254,0.5708595514297485,-0.04191770404577255
502,1,0,0.9300424456596375,-0.34721070528030396,-0.0962294489145279
503,0,0,-0.7894407510757446,0.5785284638404846,-0.039544250816106796
503,1,0,0.9290503859519958,-0.35766294598579407,-0.09597945213317871
504,0,0,-0.7937542200088501,0.5785356760025024,-0.03770413622260094
504,1,0,0.9282727241516113,-0.36756661534309387,-0.09695746004581451
505,0,0,-0.7987351417541504,0.5781557559967041,-0.0368577241897583
505,1,0,0.9266512989997864,-0.38262510299682617,-0.09675951302051544
506,0,0,-0.7990328073501587,0.5813874006271362,-0.03596372529864311
506,1,0,0.9247336983680725,-0.39706769585609436,-0.09593307971954346
507,0,0,-0.8057984113693237,0.5752837657928467,-0.0353359617292881
507,1,0,0.9213525056838989,-0.4119448661804199,-0.0938839539885521
508,0,0,-0.8010180592536926,0.5835422873497009,-0.034592870622873306
508,1,0,0.9179750084877014,-0.4270053207874298,-0.09265056252479553
509,0,0,-0.7912119626998901,0.5968261957168579,-0.035097524523735046
509,1,0,0.9144027233123779,-0.4392915964126587,-0.09200138598680496
510,0,0,-0.7934626340866089,0.5954647064208984,-0.034341707825660706
510,1,0,0.9103550910949707,-0.4490709900856018,-0.0908946543931961
511,0,0,-0.7978998422622681,0.5912326574325562,-0.03406776115298271
511,1,0,0.9076334834098816,-0.4551965594291687,-0.08977770805358887
512,0,0,-0.8014005422592163,0.586138904094696,-0.0337134525179863
512,1,0,0.9050114154815674,-0.4598051905632019,-0.08867976069450378
513,0,0,-0.8093711137771606,0.5707647800445557,-0.03277789428830147
513,1,0,0.9040447473526001,-0.4606901705265045,-0.08828763663768768
513,2,0,-0.920782208442688,0.21515634655952454,0.06941293179988861
514,0,0,-0.8176017999649048,0.5553082823753357,-0.0317465215921402
514,1,0,0.9045189619064331,-0.4586562514305115,-0.08786466717720032
514,2,0,-0.925072968006134,0.222011998295784,0.06753848493099213
515,0,0,-0.8245528936386108,0.54181969165802,-0.0307161845266819
515,1,0,0.904482901096344,-0.45405131578445435,-0.08726692944765091
515,2,0,-0.9265123009681702,0.22480183839797974,0.06608817726373672
516,0,0,-0.8290202021598816,0.5254764556884766,-0.030686568468809128
516,1,0,0.9023481607437134,-0.4447750449180603,-0.08713701367378235
516,2,0,-0.9249558448791504,0.20494681596755981,0.06387624889612198
517,0,0,-0.8362020254135132,0.5183239579200745,-0.028508786112070084
517,1,0,0.9027990102767944,-0.43675053119659424,-0.08621127158403397
517,2,0,-0.926852285861969,0.17916202545166016,0.062433600425720215
518,0,0,-0.8432199358940125,0.5107378959655762,-0.02679958939552307
518,1,0,0.9027071595191956,-0.43326494097709656,-0.084954172372818
518,2,0,-0.9310418963432312,0.16398057341575623,0.060327958315610886
519,0,0,-0.8523463606834412,0.5003081560134888,-0.025835523381829262
519,1,0,0.902180552482605,-0.4313151240348816,-0.08358070254325867
519,2,0,-0.9359581470489502,0.15335044264793396,0.05721326172351837
520,0,0,-0.8603894114494324,0.48275554180145264,-0.02387993037700653
520,1,0,0.9019457101821899,-0.43389809131622314,-0.07953498512506485
520,2,0,-0.9397120475769043,0.13323503732681274,0.05642209202051163
521,0,0,-0.8676199913024902,0.4627017676830292,-0.02408241108059883
521,1,0,0.9056166410446167,-0.43638452887535095,-0.07628615200519562
521,2,0,-0.940520167350769,0.09124217927455902,0.053264640271663666
522,0,0,-0.8797969818115234,0.43508636951446533,-0.02387256734073162
522,1,0,0.9026806354522705,-0.44097447395324707,-0.07570525258779526
522,2,0,-0.9420137405395508,0.010135795921087265,0.05255470052361488
523,0,0,-0.8877227306365967,0.407101571559906,-0.025094419717788696
523,1,0,0.9022289514541626,-0.4457581043243408,-0.07368684560060501
523,2,0,-0.9400923252105713,-0.09317775815725327,0.04822614789009094
524,0,0,-0.8957407474517822,0.3761630058288574,-0.025447547435760498
524,1,0,0.9055972099304199,-0.45337343215942383,-0.07139173895120621
524,2,0,-0.9347249865531921,-0.22836124897003174,0.046505168080329895
525,0,0,-0.9014763832092285,0.35837289690971375,-0.026043199002742767
525,1,0,0.9113390445709229,-0.46567463874816895,-0.06978729367256165
525,2,0,-0.9288315773010254,-0.3151504397392273,0.042225711047649384
526,0,0,-0.9048542976379395,0.35198312997817993,-0.0254842396825552
526,1,0,0.9149429202079773,-0.4758490324020386,-0.06866461038589478
526,2,0,-0.9205021858215332,-0.3657423257827759,0.04037507623434067
527,0,0,-0.9076519012451172,0.34658870100975037,-0.0239410363137722
527,1,0,0.916872501373291,-0.48554351925849915,-0.06733934581279755
527,2,0,-0.9150311946868896,-0.3822174668312073,0.03885946795344353
528,0,0,-0.909954309463501,0.3421504497528076,-0.02377988211810589
528,1,0,0.9168950319290161,-0.49342209100723267,-0.06707914173603058
528,2,0,-0.9033365249633789,-0.4146905839443207,0.03787485510110855
529,0,0,-0.9119962453842163,0.33501529693603516,-0.024236297234892845
529,1,0,0.9159152507781982,-0.5024898052215576,-0.06669741123914719
529,2,0,-0.8939336538314819,-0.4300639033317566,0.034860484302043915
530,0,0,-0.912783145904541,0.32861393690109253,-0.024680230766534805
530,1,0,0.9136465191841125,-0.5086385011672974,-0.0669599175453186
530,2,0,-0.8870577216148376,-0.4340739846229553,0.03242775797843933
531,0,0,-0.9133632183074951,0.3297298848628998,-0.024380380287766457
531,1,0,0.911777138710022,-0.5101007223129272,-0.06673093140125275
531,2,0,-0.891345739364624,-0.42353343963623047,0.03064654767513275
532,0,0,-0.9136862754821777,0.3239392638206482,-0.023698359727859497
532,1,0,0.9103455543518066,-0.5098872780799866,-0.06723321229219437
532,2,0,-0.8939090967178345,-0.4202530086040497,0.0292816124856472
533,0,0,-0.9132009148597717,0.31514889001846313,-0.02576468698680401
533,1,0,0.9112184047698975,-0.5003130435943604,-0.0673646554350853
533,2,0,-0.8966740369796753,-0.41542428731918335,0.02880285680294037
534,0,0,-0.912589430809021,0.304891437292099,-0.026720941066741943
534,1,0,0.9117666482925415,-0.4879453778266907,-0.06808258593082428
534,2,0,-0.8957085609436035,-0.412260502576828,0.028940249234437943
535,0,0,-0.9145758152008057,0.29360252618789673,-0.02800237387418747
535,1,0,0.9125210046768188,-0.4863767623901367,-0.06871800124645233
535,2,0,-0.8955773115158081,-0.4079936742782593,0.029132166877388954
536,0,0,-0.9180550575256348,0.2806553840637207,-0.02788490429520607
536,1,0,0.9140195846557617,-0.4825199544429779,-0.06796238571405411
536,2,0,-0.8999927043914795,-0.38785961270332336,0.029069289565086365
537,0,0,-0.9251233339309692,0.2570264935493469,-0.025655563920736313
537,1,0,0.9189951419830322,-0.47980016469955444,-0.067377470433712
537,2,0,-0.9094449281692505,-0.35707759857177734,0.028785139322280884
538,0,0,-0.9254060983657837,0.2554836869239807,-0.025338362902402878
538,1,0,0.922714114189148,-0.4765259027481079,-0.06841319799423218
538,2,0,-0.9102442860603333,-0.3333328366279602,0.02872786670923233
539,0,0,-0.9223455190658569,0.2596701383590698,-0.026042668148875237
539,1,0,0.9259353876113892,-0.46299469470977783,-0.07007011771202087
539,2,0,-0.9068830013275146,-0.31669747829437256,0.029526006430387497
540,0,0,-0.9210624694824219,0.26056361198425293,-0.026124723255634308
540,1,0,0.9308027029037476,-0.4447314739227295,-0.07106785476207733
540,2,0,-0.9081234335899353,-0.2909770905971527,0.029342282563447952
541,0,0,-0.9203047752380371,0.26499488949775696,-0.02817116305232048
541,1,0,0.9379843473434448,-0.41854092478752136,-0.07235531508922577
541,2,0,-0.908646285533905,-0.2595002055168152,0.0297255776822567
542,0,0,-0.9210209846496582,0.26792818307876587,-0.025838453322649002
542,1,0,0.9419479370117188,-0.41387224197387695,-0.07213565707206726
542,2,0,-0.9153486490249634,-0.21481937170028687,0.029070883989334106
543,0,0,-0.9176350831985474,0.2704583406448364,-0.02371000126004219
543,1,0,0.9443767070770264,-0.40534162521362305,-0.07283467799425125
543,2,0,-0.9219517111778259,-0.1635810136795044,0.02955169789493084
544,0,0,-0.9163777828216553,0.26302358508110046,-0.02076071873307228
544,1,0,0.9469084739685059,-0.4054313898086548,-0.07198099792003632
544,2,0,-0.9250050783157349,-0.1033695787191391,0.028601758182048798
545,0,0,-0.9179904460906982,0.25883859395980835,-0.016560159623622894
545,1,0,0.9470471143722534,-0.4083375632762909,-0.07282057404518127
545,2,0,-0.9265722036361694,-0.023535924032330513,0.030512357130646706
546,0,0,-0.9185456037521362,0.2597581148147583,-0.017935801297426224
546,1,0,0.9450510740280151,-0.4090743660926819,-0.06979040056467056
546,2,0,-0.9262275695800781,0.053995996713638306,0.026866303756833076
547,0,0,-0.9192178249359131,0.26645976305007935,-0.018056141212582588
547,1,0,0.9429445266723633,-0.4071265459060669,-0.06637810170650482
547,2,0,-0.9281488656997681,0.1696416437625885,0.020465895533561707
548,0,0,-0.9214087724685669,0.2688984274864197,-0.018252139911055565
548,1,0,0.9391765594482422,-0.39634260535240173,-0.06070801615715027
548,2,0,-0.9287582635879517,0.28691521286964417,0.013697344809770584
549,0,0,-0.9252188801765442,0.2671002149581909,-0.016259294003248215
549,1,0,0.935829758644104,-0.3779726028442383,-0.05765015631914139
549,2,0,-0.9269602298736572,0.33739033341407776,0.011990112252533436
550,0,0,-0.9298174381256104,0.2435975819826126,-0.015141010284423828
550,1,0,0.9291073083877563,-0.37036585807800293,-0.05537865310907364
550,2,0,-0.9275169968605042,0.381653755903244,0.010955032892525196
551,0,0,-0.9324599504470825,0.21474945545196533,-0.0157313272356987
551,1,0,0.9198005795478821,-0.37139689922332764,-0.052905235439538956
551,2,0,-0.9260700941085815,0.4041793942451477,0.011339623481035233
552,0,0,-0.9338743090629578,0.18585151433944702,-0.016021419316530228
552,1,0,0.9097613096237183,-0.3763633370399475,-0.05154165253043175
552,2,0,-0.9234324097633362,0.42686358094215393,0.013458586297929287
553,0,0,-0.9343778491020203,0.167605459690094,-0.015608455054461956
553,1,0,0.9033017158508301,-0.37733328342437744,-0.04936296492815018
553,2,0,-0.9192410707473755,0.43417245149612427,0.01660699024796486
554,0,0,-0.9350148439407349,0.14318570494651794,-0.015665607526898384
554,1,0,0.8949071168899536,-0.38581758737564087,-0.04773165285587311
554,2,0,-0.9124283790588379,0.45679646730422974,0.019572874531149864
555,0,0,-0.9359912872314453,0.11854203790426254,-0.01612691581249237
555,1,0,0.8910629153251648,-0.38250038027763367,-0.047586146742105484
555,2,0,-0.905198335647583,0.47645103931427,0.0217832550406456
556,0,0,-0.9363812208175659,0.10212433338165283,-0.015043421648442745
556,1,0,0.8908690214157104,-0.38447320461273193,-0.04898669570684433
556,2,0,-0.9021373391151428,0.49631327390670776,0.022463064640760422
557,0,0,-0.9365103244781494,0.08102479577064514,-0.015022811479866505
557,1,0,0.8938443064689636,-0.39050012826919556,-0.04807586967945099
557,2,0,-0.8985543251037598,0.5064808130264282,0.02140987478196621
558,0,0,-0.9374701976776123,0.07874666154384613,-0.0138639435172081
558,1,0,0.8997990489006042,-0.3919091820716858,-0.04667774215340614
558,2,0,-0.8977465629577637,0.5217751264572144,0.01966710574924946
559,0,0,-0.9397549629211426,0.06669630110263824,-0.012707918882369995
559,1,0,0.9045775532722473,-0.39516907930374146,-0.046015676110982895
559,2,0,-0.8987511396408081,0.5170613527297974,0.018497338518500328
560,0,0,-0.9426581859588623,0.058281101286411285,-0.010608634911477566
560,1,0,0.9115825891494751,-0.3927091360092163,-0.045097239315509796
560,2,0,-0.9004204273223877,0.5054703950881958,0.017189105972647667
561,0,0,-0.9449012279510498,0.050218529999256134,-0.009100668132305145
561,1,0,0.9152817726135254,-0.3910905718803406,-0.04482518136501312
561,2,0,-0.9035114049911499,0.49743926525115967,0.015699181705713272
562,0,0,-0.9479278326034546,0.044448718428611755,-0.008606629446148872
562,1,0,0.9188728332519531,-0.38918280601501465,-0.04496924951672554
562,2,0,-0.9081871509552002,0.4765279293060303,0.013900818303227425
563,0,0,-0.9504846334457397,0.03138631582260132,-0.008767005056142807
563,1,0,0.9160177707672119,-0.40258580446243286,-0.04496372863650322
563,2,0,-0.9097570180892944,0.45667535066604614,0.01267619151622057
564,0,0,-0.9514946341514587,0.007779099978506565,-0.008507980033755302
564,1,0,0.914364218711853,-0.41364434361457825,-0.04445187374949455
564,2,0,-0.9085477590560913,0.39994657039642334,0.012242984026670456
565,0,0,-0.9511047601699829,-0.004351012874394655,-0.009126458317041397
565,1,0,0.914364218711853,-0.4251934885978699,-0.04403170198202133
565,2,0,-0.9093543291091919,0.33481383323669434,0.012808801606297493
566,0,0,-0.9494527578353882,0.004791800864040852,-0.009639067575335503
566,1,0,0.9117852449417114,-0.4347652494907379,-0.042383819818496704
566,2,0,-0.9147987365722656,0.26402947306632996,0.011600593104958534
567,0,0,-0.9470530152320862,0.005704860202968121,-0.01057981327176094
567,1,0,0.9133192300796509,-0.43214040994644165,-0.039077140390872955
567,2,0,-0.9219359755516052,0.17788256704807281,0.012148827314376831
568,0,0,-0.943749189376831,-0.0008368332637473941,-0.013286033645272255
568,1,0,0.9158920049667358,-0.4264785647392273,-0.03524927794933319
568,2,0,-0.9267656803131104,0.07454599440097809,0.011921468190848827
569,0,0,-0.9400811791419983,-0.017365068197250366,-0.01514255441725254
569,1,0,0.9179294109344482,-0.4275546371936798,-0.030957233160734177
569,2,0,-0.9311326742172241,0.018245942890644073,0.00843028910458088
570,0,0,-0.9394172430038452,-0.03681834787130356,-0.014618713408708572
570,1,0,0.9184058904647827,-0.4238651394844055,-0.027611762285232544
570,2,0,-0.9356033802032471,-0.0650518611073494,0.0063287788070738316
571,0,0,-0.9391570687294006,-0.06781940907239914,-0.014495849609375
571,1,0,0.9210232496261597,-0.42014381289482117,-0.024001944810152054
571,2,0,-0.9401329159736633,-0.14712831377983093,0.0031328629702329636
572,0,0,-0.9368690252304077,-0.10276922583580017,-0.01444956660270691
572,1,0,0.9197255373001099,-0.4323229193687439,-0.02405879832804203
572,2,0,-0.9405479431152344,-0.22224432229995728,0.0037946845404803753
573,0,0,-0.9329671263694763,-0.13636817038059235,-0.014808464795351028
573,1,0,0.9145668745040894,-0.4475456476211548,-0.026076488196849823
573,2,0,-0.9372702240943909,-0.2875179350376129,0.0051852623000741005
574,0,0,-0.9335440397262573,-0.15090203285217285,-0.01432851329445839
574,1,0,0.910124659538269,-0.45715582370758057,-0.024645892903208733
574,2,0,-0.9361522197723389,-0.33304715156555176,0.007154734805226326
575,0,0,-0.9327399730682373,-0.16500243544578552,-0.013935111463069916
575,1,0,0.9111330509185791,-0.46223628520965576,-0.026705339550971985
575,2,0,-0.9295979738235474,-0.38223156332969666,0.011045414954423904
576,0,0,-0.9319357872009277,-0.17641153931617737,-0.014995928853750229
576,1,0,0.9116548895835876,-0.4663025736808777,-0.03094567358493805
576,2,0,-0.9214369654655457,-0.42616164684295654,0.015037864446640015
577,0,0,-0.9307127594947815,-0.17670084536075592,-0.01563764549791813
577,1,0,0.9073864221572876,-0.4724162817001343,-0.03572021424770355
577,2,0,-0.9182548522949219,-0.43506020307540894,0.018340421840548515
578,0,0,-0.9287701845169067,-0.17904047667980194,-0.016531387344002724
578,1,0,0.9039191007614136,-0.4719032645225525,-0.042319029569625854
578,2,0,-0.9159344434738159,-0.43455809354782104,0.02205248922109604
579,0,0,-0.9281998872756958,-0.17228785157203674,-0.017123647034168243
579,1,0,0.9028355479240417,-0.47806960344314575,-0.04699873924255371
579,2,0,-0.914718747138977,-0.4229619801044464,0.02364009991288185
580,0,0,-0.9264253377914429,-0.19426503777503967,-0.020020272582769394
580,1,0,0.9057756066322327,-0.46760979294776917,-0.05185134336352348
580,2,0,-0.9106736183166504,-0.42139267921447754,0.025422267615795135
581,0,0,-0.9253931045532227,-0.19760648906230927,-0.024014199152588844
581,1,0,0.905927300453186,-0.47089654207229614,-0.054211121052503586
581,2,0,-0.9056646823883057,-0.41158950328826904,0.02749522402882576
582,0,0,-0.9180716276168823,-0.22658449411392212,-0.02619294635951519
582,1,0,0.9078857898712158,-0.47766852378845215,-0.05831803381443024
582,2,0,-0.9030979871749878,-0.40650662779808044,0.029775988310575485
583,0,0,-0.9093228578567505,-0.2584495544433594,-0.026860568672418594
583,1,0,0.9087461233139038,-0.47420912981033325,-0.0658225268125534
583,2,0,-0.9019227027893066,-0.39396774768829346,0.0328875295817852
584,0,0,-0.9022933840751648,-0.293473482131958,-0.03136171028017998
584,1,0,0.8996286392211914,-0.48371291160583496,-0.07738654315471649
584,2,0,-0.8977123498916626,-0.3832882344722748,0.03930369392037392
585,0,0,-0.8978230953216553,-0.32393285632133484,-0.0334397591650486
585,1,0,0.895207405090332,-0.47825881838798523,-0.08876869082450867
585,2,0,-0.8935835361480713,-0.37376075983047485,0.044619955122470856
586,0,0,-0.894145131111145,-0.34460294246673584,-0.036705631762742996
586,1,0,0.9001551270484924,-0.4566347599029541,-0.10024174302816391
586,2,0,-0.8901084661483765,-0.34889811277389526,0.04900647699832916
587,0,0,-0.8871397972106934,-0.37300318479537964,-0.0429571270942688
587,1,0,0.9054677486419678,-0.4394470751285553,-0.10891345143318176
587,2,0,-0.8860055208206177,-0.3117520809173584,0.04997521638870239
588,0,0,-0.8857578635215759,-0.40507662296295166,-0.03970853611826897
588,1,0,0.9080687761306763,-0.4418996572494507,-0.10730144381523132
588,2,0,-0.8866844177246094,-0.2790704369544983,0.04706718027591705
589,0,0,-0.8769223690032959,-0.4462173581123352,-0.0396905317902565
589,1,0,0.9059622287750244,-0.4609900116920471,-0.11581768840551376
589,2,0,-0.8873212337493896,-0.231950581073761,0.047241270542144775
590,0,0,-0.8799153566360474,-0.43721604347229004,-0.03779575973749161
590,1,0,0.9031023979187012,-0.46873193979263306,-0.11256325244903564
590,2,0,-0.8897138833999634,-0.15837480127811432,0.044733308255672455
591,0,0,-0.8821537494659424,-0.4219794273376465,-0.03624684363603592
591,1,0,0.8925537467002869,-0.4750578701496124,-0.10848415642976761
591,2,0,-0.8891507983207703,-0.08769814670085907,0.04460998624563217
592,0,0,-0.8803417086601257,-0.40131157636642456,-0.03605265915393829
592,1,0,0.8833358287811279,-0.4808003306388855,-0.10449712723493576
592,2,0,-0.8860504627227783,-0.002738773822784424,0.04468191787600517
593,0,0,-0.8736778497695923,-0.3882594108581543,-0.03595031797885895
593,1,0,0.8785243034362793,-0.486706018447876,-0.10573361068964005
593,2,0,-0.8839566707611084,0.1062246561050415,0.044316474348306656
594,0,0,-0.8607169985771179,-0.40486690402030945,-0.033615000545978546
594,1,0,0.8751657605171204,-0.49088650941848755,-0.1064399853348732
594,2,0,-0.8792432546615601,0.191169872879982,0.043956004083156586
595,0,0,-0.8453848361968994,-0.42705124616622925,-0.032472480088472366
595,1,0,0.8713250160217285,-0.49876150488853455,-0.10628198087215424
595,2,0,-0.8736974000930786,0.2737842798233032,0.039421163499355316
596,0,0,-0.8163458108901978,-0.46090275049209595,-0.03197735175490379
596,1,0,0.8694560527801514,-0.5110883116722107,-0.11264875531196594
596,2,0,-0.8603397607803345,0.3527204096317291,0.04311572387814522
597,0,0,-0.8009293079376221,-0.4913376569747925,-0.028490424156188965
597,1,0,0.8591278791427612,-0.5276371836662292,-0.11866863071918488
597,2,0,-0.8620851039886475,0.3414453864097595,0.04636700451374054
598,0,0,-0.8094165325164795,-0.4731462895870209,-0.02449081465601921
598,1,0,0.8649915456771851,-0.5210405588150024,-0.12871426343917847
598,2,0,-0.8546499013900757,0.2722133696079254,0.04833785444498062
599,0,0,-0.8453078269958496,-0.40016990900039673,-0.021869510412216187
599,1,0,0.8576978445053101,-0.549894392490387,-0.15675246715545654
599,2,0,-0.84247887134552,0.33143100142478943,0.0811830461025238
