15,8,0,0.8250336647033691,-0.423168420791626,0.042171236127614975
16,5,0,0.8060731887817383,-0.5259731411933899,0.10085950791835785
16,8,0,0.8389122486114502,-0.4338071346282959,0.0490308552980423
17,5,0,0.8054326772689819,-0.5340797901153564,0.09336397796869278
17,8,0,0.8478155732154846,-0.4439387619495392,0.04358041286468506
18,5,0,0.8117323517799377,-0.5328320264816284,0.0868099108338356
18,8,0,0.8603787422180176,-0.44404882192611694,0.03997458517551422
19,8,0,0.8674110174179077,-0.43219998478889465,0.03668047860264778
20,8,0,0.8743323087692261,-0.423583984375,0.03652206435799599
21,8,0,0.8788858652114868,-0.4204414486885071,0.03678238391876221
22,5,0,0.822484016418457,-0.52415531873703,0.07013523578643799
22,8,0,0.881522536277771,-0.4218979477882385,0.0344589464366436
23,8,0,0.8844472169876099,-0.42219457030296326,0.031061168760061264
24,8,0,0.889472246170044,-0.4195987582206726,0.028403254225850105
25,8,0,0.8927667140960693,-0.4228869676589966,0.02700931578874588
26,8,0,0.8948911428451538,-0.425199419260025,0.027629848569631577
27,8,0,0.8987137079238892,-0.4297897517681122,0.026908401399850845
28,8,0,0.9014914631843567,-0.43041226267814636,0.02451290749013424
29,8,0,0.9059919118881226,-0.43152135610580444,0.02242780104279518
30,8,0,0.9064896106719971,-0.43189331889152527,0.022402506321668625
31,8,0,0.9064677357673645,-0.4370710253715515,0.02099665068089962
32,8,0,0.9087043404579163,-0.4336661696434021,0.020377760753035545
33,8,0,0.9115725755691528,-0.42603400349617004,0.019401995465159416
34,8,0,0.9085527658462524,-0.43040353059768677,0.019612513482570648
35,8,0,0.9086538553237915,-0.4264003038406372,0.01671605557203293
36,8,0,0.9068615436553955,-0.42494478821754456,0.012570721097290516
37,8,0,0.9073739051818848,-0.41979384422302246,0.011821146123111248
38,8,0,0.9084340333938599,-0.41506558656692505,0.011508379131555557
39,8,0,0.9093042612075806,-0.408908486366272,0.009993838146328926
40,8,0,0.9086802005767822,-0.4060041606426239,0.008128715679049492
41,8,0,0.9088490605354309,-0.40579915046691895,0.008739655837416649
42,8,0,0.9086297154426575,-0.4065744876861572,0.008921470493078232
43,8,0,0.9095765352249146,-0.40437307953834534,0.012169193476438522
44,8,0,0.90940260887146,-0.40601950883865356,0.014214593917131424
45,8,0,0.9092587232589722,-0.40923866629600525,0.015202349051833153
46,8,0,0.9083355665206909,-0.4112183451652527,0.01649298146367073
47,8,0,0.9088903665542603,-0.4108447730541229,0.01799485646188259
48,8,0,0.9103442430496216,-0.40756791830062866,0.020011989399790764
49,8,0,0.9094564318656921,-0.406827449798584,0.020686648786067963
50,8,0,0.9091982841491699,-0.40759414434432983,0.020037835463881493
51,8,0,0.9095866680145264,-0.4028880000114441,0.01917671412229538
52,8,0,0.9095280170440674,-0.40028271079063416,0.01966453716158867
53,8,0,0.9113550782203674,-0.3966439366340637,0.020337451249361038
54,8,0,0.9120975732803345,-0.39683592319488525,0.020693179219961166
55,8,0,0.9164084196090698,-0.39203786849975586,0.022871118038892746
56,8,0,0.919825553894043,-0.3898541331291199,0.025827381759881973
57,8,0,0.9231615662574768,-0.38468703627586365,0.02789979614317417
58,8,0,0.9267250895500183,-0.3872755169868469,0.029395295307040215
59,8,0,0.9300572872161865,-0.3907693028450012,0.030908748507499695
60,8,0,0.9292880296707153,-0.39772239327430725,0.031618207693099976
61,8,0,0.92799973487854,-0.3978017568588257,0.03393534943461418
62,8,0,0.9273585081100464,-0.3944624960422516,0.035569384694099426
63,8,0,0.9252569079399109,-0.3959614038467407,0.03730935603380203
64,8,0,0.9228295683860779,-0.39271080493927,0.03988887742161751
65,8,0,0.9215149879455566,-0.3863063156604767,0.04273584112524986
66,8,0,0.9184483289718628,-0.3802495002746582,0.044336408376693726
67,8,0,0.9201411008834839,-0.3675357401371002,0.04472573846578598
68,8,0,0.9232224822044373,-0.3626539707183838,0.046543993055820465
69,8,0,0.9302297830581665,-0.3523910343647003,0.04650541767477989
70,8,0,0.930431604385376,-0.34417906403541565,0.04676373675465584
71,8,0,0.9031789898872375,-0.32522082328796387,0.04917822405695915
128,2,0,-0.9527187347412109,-0.08108007162809372,0.16699941456317902
129,2,0,-0.9520692825317383,-0.06731855869293213,0.12479497492313385
130,2,0,-0.9491599798202515,-0.0783514752984047,0.11740866303443909
131,2,0,-0.9494839906692505,-0.0804314911365509,0.11626000702381134
132,2,0,-0.9515545964241028,-0.08734982460737228,0.11771173775196075
133,2,0,-0.9491600394248962,-0.08532002568244934,0.11502580344676971
134,2,0,-0.95160311460495,-0.08026948571205139,0.11449399590492249
135,2,0,-0.9530558586120605,-0.08854897320270538,0.11016111075878143
136,2,0,-0.9537112712860107,-0.07850930839776993,0.10919860005378723
137,2,0,-0.955082356929779,-0.08418762683868408,0.11038821935653687
138,2,0,-0.9576315879821777,-0.07773299515247345,0.11104307323694229
139,2,0,-0.9601958990097046,-0.0756181925535202,0.11223552376031876
140,2,0,-0.9612463712692261,-0.0834154486656189,0.11420027911663055
141,2,0,-0.9617807865142822,-0.09368446469306946,0.11433970928192139
142,2,0,-0.9627737998962402,-0.09648331999778748,0.11440935730934143
143,2,0,-0.9630475044250488,-0.10732496529817581,0.11423570662736893
144,2,0,-0.963021993637085,-0.09946444630622864,0.11668045818805695
145,2,0,-0.9624011516571045,-0.09148416668176651,0.1161288321018219
146,2,0,-0.9616576433181763,-0.08003384619951248,0.11708195507526398
147,2,0,-0.9607354998588562,-0.0812724232673645,0.11746089905500412
148,2,0,-0.9608135223388672,-0.07410738617181778,0.11752019822597504
149,2,0,-0.9616487622261047,-0.05963270738720894,0.11535826325416565
150,2,0,-0.9601240158081055,-0.07703489065170288,0.1149132251739502
151,2,0,-0.9599963426589966,-0.07487364113330841,0.11600762605667114
152,2,0,-0.9612863063812256,-0.06994473934173584,0.11629188060760498
153,2,0,-0.9621561765670776,-0.06326302140951157,0.11392052471637726
154,2,0,-0.9619881510734558,-0.06642383337020874,0.1083284467458725
155,2,0,-0.9627596139907837,-0.0643547922372818,0.10726870596408844
156,2,0,-0.9635310173034668,-0.04855005443096161,0.10722213238477707
157,2,0,-0.9627708196640015,-0.06288613379001617,0.10613144934177399
158,2,0,-0.9618500471115112,-0.0661996603012085,0.10722322762012482
159,2,0,-0.9604477286338806,-0.05287798494100571,0.10297781229019165
159,9,0,-0.9177638292312622,0.1538320630788803,0.0955292135477066
160,2,0,-0.9570101499557495,-0.05267169326543808,0.1062098816037178
160,9,0,-0.9189242720603943,0.17675137519836426,0.09652366489171982
161,2,0,-0.9519482851028442,-0.03853500261902809,0.10678951442241669
161,9,0,-0.9088133573532104,0.22007665038108826,0.09710440039634705
162,2,0,-0.9456268548965454,-0.017536157742142677,0.11133769154548645
163,2,0,-0.9417951107025146,0.030022617429494858,0.1135108545422554
163,9,0,-0.8832595944404602,0.4150426685810089,0.1058262288570404
164,2,0,-0.9284448623657227,0.12075260281562805,0.11434303224086761
164,9,0,-0.8700098395347595,0.4581965506076813,0.10507257282733917
165,2,0,-0.9265518188476562,0.10747866332530975,0.11170748621225357
165,9,0,-0.8689887523651123,0.4640216827392578,0.10178382694721222
166,2,0,-0.9185998439788818,0.12359999865293503,0.11096587777137756
166,9,0,-0.8658277988433838,0.47161024808883667,0.09883350133895874
167,2,0,-0.9131402969360352,0.13917984068393707,0.10936243832111359
167,9,0,-0.8624631762504578,0.4870808720588684,0.09424793720245361
168,2,0,-0.907471776008606,0.17036831378936768,0.10827210545539856
168,9,0,-0.8606451153755188,0.4858582019805908,0.09276129305362701
169,2,0,-0.9003693461418152,0.20557522773742676,0.10464039444923401
169,9,0,-0.8601997494697571,0.48382943868637085,0.0920383483171463
170,2,0,-0.8951687812805176,0.21982614696025848,0.10157756507396698
170,9,0,-0.8591644763946533,0.485295832157135,0.0927429348230362
171,2,0,-0.8838663101196289,0.2814016342163086,0.10094691812992096
171,9,0,-0.8518592715263367,0.4913078844547272,0.09842723608016968
172,2,0,-0.8806667923927307,0.29012948274612427,0.10457657277584076
172,9,0,-0.8587971925735474,0.4793238043785095,0.10092194378376007
173,9,0,-0.8635728359222412,0.4718209505081177,0.10083910822868347
174,9,0,-0.8684431314468384,0.4681280851364136,0.10281297564506531
175,2,0,-0.8644733428955078,0.3768807053565979,0.09853948652744293
175,9,0,-0.8674546480178833,0.4634264409542084,0.10553687065839767
176,9,0,-0.8729974031448364,0.4527420699596405,0.10906088352203369
177,9,0,-0.8761329650878906,0.455063134431839,0.11031883209943771
178,9,0,-0.8745844960212708,0.44947874546051025,0.10436713695526123
180,9,0,-0.9024773836135864,0.3693033456802368,0.08940143138170242
206,9,0,0.8815341591835022,-0.180484801530838,-0.00491015799343586
211,9,0,0.8862416744232178,-0.2559603154659271,-0.10113634169101715
212,9,0,0.9284967184066772,-0.35450273752212524,-0.100621297955513
212,11,0,-0.8504392504692078,0.20629392564296722,-0.10894264280796051
213,9,0,0.9308057427406311,-0.3641853928565979,-0.09623369574546814
213,11,0,-0.8488290309906006,0.2295771688222885,-0.10939629375934601
214,9,0,0.9359591603279114,-0.33854687213897705,-0.07720884680747986
214,11,0,-0.8364221453666687,0.2271808385848999,-0.1082746684551239
215,9,0,0.9358832836151123,-0.34966257214546204,-0.0781494528055191
215,11,0,-0.8596935272216797,0.21426284313201904,-0.11355862021446228
216,9,0,0.937306821346283,-0.36685746908187866,-0.07675104588270187
216,11,0,-0.8536249399185181,0.23762527108192444,-0.11261054873466492
217,9,0,0.939012885093689,-0.3831426501274109,-0.07378531992435455
218,9,0,0.936369776725769,-0.3821449279785156,-0.07037108391523361
218,11,0,-0.8694098591804504,0.22360077500343323,-0.11979778110980988
219,9,0,0.9390857219696045,-0.3719629645347595,-0.0704851746559143
220,9,0,0.9341123104095459,-0.3768925070762634,-0.06341513991355896
221,9,0,0.9352250099182129,-0.3609497547149658,-0.06594402343034744
221,11,0,-0.8888615369796753,0.2597505748271942,-0.12224811315536499
222,9,0,0.9309732913970947,-0.3500209450721741,-0.07258157432079315
222,11,0,-0.9105263948440552,0.2680276036262512,-0.12908393144607544
223,9,0,0.9259289503097534,-0.3580460250377655,-0.07405266910791397
223,11,0,-0.9048852324485779,0.24901683628559113,-0.1269853115081787
224,9,0,0.920080840587616,-0.3401278257369995,-0.07673361897468567
224,11,0,-0.9123455286026001,0.2546917796134949,-0.13115066289901733
225,9,0,0.9084455966949463,-0.33058881759643555,-0.07947835326194763
225,11,0,-0.9215799570083618,0.2572477161884308,-0.13219735026359558
226,9,0,0.8758977055549622,-0.3324929475784302,-0.08532284945249557
226,11,0,-0.9326244592666626,0.21729308366775513,-0.1367880403995514
227,9,0,0.8470436930656433,-0.3347349762916565,-0.09080345928668976
227,11,0,-0.9335509538650513,0.2102629542350769,-0.13784313201904297
228,9,0,0.8190008401870728,-0.34169572591781616,-0.09420369565486908
228,11,0,-0.9311678409576416,0.18277692794799805,-0.13519731163978577
229,6,0,0.9562029838562012,-0.013961308635771275,0.05783453583717346
229,9,0,0.7899264693260193,-0.3466551899909973,-0.0975981056690216
229,11,0,-0.9276576042175293,0.16625651717185974,-0.13275191187858582
230,9,0,0.739289402961731,-0.355862557888031,-0.10740137100219727
230,11,0,-0.9320249557495117,0.15908977389335632,-0.13435031473636627
231,6,0,0.9596310257911682,-0.0034469319507479668,0.056890834122896194
231,9,0,0.6974285840988159,-0.3722763657569885,-0.11273656040430069
231,11,0,-0.9364628791809082,0.07314985245466232,-0.13346457481384277
232,6,0,0.961577296257019,-0.04790078103542328,0.05524437874555588
232,11,0,-0.9376133680343628,0.049122244119644165,-0.12744159996509552
233,6,0,0.961142897605896,-0.05979489907622337,0.057561151683330536
233,11,0,-0.93595290184021,0.008102107793092728,-0.12706661224365234
234,6,0,0.9612566232681274,-0.0615144819021225,0.05960208177566528
234,11,0,-0.9329001307487488,-0.04985952377319336,-0.1251937448978424
235,6,0,0.958890974521637,-0.05863674357533455,0.057287342846393585
235,11,0,-0.9258809089660645,-0.08049222081899643,-0.12187476456165314
236,6,0,0.9598027467727661,-0.06341078132390976,0.055235691368579865
236,11,0,-0.9245363473892212,-0.10539127141237259,-0.11747787892818451
237,6,0,0.9596136808395386,-0.06870323419570923,0.04942828044295311
237,11,0,-0.9280792474746704,-0.12501777708530426,-0.12698334455490112
238,6,0,0.9664373397827148,-0.12619294226169586,0.054165542125701904
238,9,0,0.627140998840332,-0.3924528956413269,-0.07895511388778687
238,11,0,-0.9386206865310669,-0.14394497871398926,-0.12075747549533844
239,6,0,0.9654204249382019,-0.17043140530586243,0.05457218736410141
239,11,0,-0.9314943552017212,-0.1755022406578064,-0.11495859920978546
240,6,0,0.9628906846046448,-0.18237030506134033,0.05465342849493027
240,11,0,-0.9246871471405029,-0.19632089138031006,-0.11133076250553131
241,6,0,0.9588897824287415,-0.18473967909812927,0.05472554638981819
241,11,0,-0.9132827520370483,-0.2444821298122406,-0.1083478033542633
242,6,0,0.9555525779724121,-0.1746363341808319,0.053845614194869995
242,11,0,-0.9030776023864746,-0.27200257778167725,-0.10866037756204605
243,6,0,0.9517367482185364,-0.16459771990776062,0.052408721297979355
243,11,0,-0.8932927846908569,-0.2829856276512146,-0.10904982686042786
244,6,0,0.9560341835021973,-0.19464804232120514,0.048877689987421036
244,11,0,-0.8841511011123657,-0.30066990852355957,-0.11733932793140411
245,6,0,0.9593570828437805,-0.211431086063385,0.05009615421295166
245,11,0,-0.8887325525283813,-0.31133896112442017,-0.11415412276983261
246,6,0,0.9562501311302185,-0.2011404037475586,0.050204984843730927
246,11,0,-0.8894635438919067,-0.31496065855026245,-0.11422334611415863
247,6,0,0.9535179138183594,-0.18854376673698425,0.05154963955283165
247,11,0,-0.8904813528060913,-0.3215407133102417,-0.11371270567178726
248,6,0,0.951239824295044,-0.18148934841156006,0.05301259458065033
248,11,0,-0.8903241753578186,-0.32782232761383057,-0.1154535710811615
249,6,0,0.9467179179191589,-0.17553600668907166,0.05465821176767349
249,11,0,-0.8831517696380615,-0.33738553524017334,-0.11889486014842987
250,6,0,0.9449349045753479,-0.16522732377052307,0.055964093655347824
250,11,0,-0.8768680095672607,-0.3294731080532074,-0.12167463451623917
251,6,0,0.9509471654891968,-0.18234214186668396,0.05889882892370224
251,11,0,-0.8761395215988159,-0.3488337993621826,-0.13224360346794128
252,6,0,0.9541168212890625,-0.19828462600708008,0.061534129083156586
252,11,0,-0.8796037435531616,-0.36690863966941833,-0.13147658109664917
253,6,0,0.9477436542510986,-0.171694815158844,0.05968477576971054
253,11,0,-0.87993323802948,-0.34702152013778687,-0.13159438967704773
254,6,0,0.9419665932655334,-0.15598000586032867,0.05822222679853439
254,11,0,-0.8839459419250488,-0.3304384648799896,-0.1330471634864807
255,6,0,0.9392713308334351,-0.15454064309597015,0.060756053775548935
255,11,0,-0.8786842823028564,-0.3227941691875458,-0.1363438218832016
256,6,0,0.9379494190216064,-0.15676742792129517,0.06801429390907288
256,11,0,-0.8870413303375244,-0.3275585174560547,-0.14518721401691437
257,6,0,0.9402518272399902,-0.15593832731246948,0.06623543798923492
257,11,0,-0.8978471755981445,-0.33503204584121704,-0.14377668499946594
258,6,0,0.9446960091590881,-0.1492394506931305,0.06918369978666306
258,11,0,-0.8991850018501282,-0.324540913105011,-0.1369306594133377
259,6,0,0.9444614052772522,-0.15026630461215973,0.07200457155704498
259,11,0,-0.9050191044807434,-0.30199629068374634,-0.13063859939575195
260,6,0,0.9426388740539551,-0.12900735437870026,0.07746564596891403
260,11,0,-0.9077742099761963,-0.3032801151275635,-0.131791889667511
261,6,0,0.9423967599868774,-0.15907707810401917,0.07902655750513077
261,11,0,-0.9132777452468872,-0.28989702463150024,-0.12700237333774567
262,6,0,0.9382379055023193,-0.15221062302589417,0.0793396383523941
262,11,0,-0.9132378101348877,-0.31602734327316284,-0.12274076044559479
263,6,0,0.9358001947402954,-0.13614054024219513,0.07933667302131653
263,11,0,-0.9136280417442322,-0.2914963662624359,-0.12287488579750061
264,6,0,0.9405953884124756,-0.11135169863700867,0.07829444855451584
264,11,0,-0.9195854663848877,-0.28748658299446106,-0.12877069413661957
265,6,0,0.9436976909637451,-0.11851806938648224,0.0809439942240715
265,11,0,-0.919451117515564,-0.27278220653533936,-0.12069103121757507
266,6,0,0.9401629567146301,-0.10671375691890717,0.0807083249092102
266,11,0,-0.9209094643592834,-0.25559353828430176,-0.11749154329299927
267,6,0,0.9400860071182251,-0.1061360239982605,0.08094918727874756
267,11,0,-0.9238568544387817,-0.2411957085132599,-0.11727789044380188
268,6,0,0.9417004585266113,-0.12730473279953003,0.08414387702941895
268,11,0,-0.933865487575531,-0.2124900370836258,-0.11485780030488968
269,6,0,0.9389381408691406,-0.12453679740428925,0.07983912527561188
269,11,0,-0.9323664903640747,-0.2042778879404068,-0.11225885897874832
270,6,0,0.9378005266189575,-0.10695178806781769,0.07990874350070953
270,11,0,-0.9298340678215027,-0.18089938163757324,-0.11364583671092987
271,6,0,0.9438053369522095,-0.09369245171546936,0.07961701601743698
271,11,0,-0.9400861263275146,-0.16025686264038086,-0.11532294750213623
272,6,0,0.943508505821228,-0.10076799988746643,0.07712845504283905
272,11,0,-0.9403116703033447,-0.14228872954845428,-0.10978082567453384
273,6,0,0.9476421475410461,-0.15108135342597961,0.0794539600610733
273,11,0,-0.9455294609069824,-0.10832792520523071,-0.10437075793743134
274,6,0,0.9429503679275513,-0.16611911356449127,0.07973720133304596
274,11,0,-0.942894697189331,-0.08335642516613007,-0.10061571002006531
275,6,0,0.9411560297012329,-0.1817442774772644,0.07849779725074768
275,11,0,-0.9490853548049927,-0.007315346505492926,-0.09694167971611023
276,6,0,0.9388967752456665,-0.18524354696273804,0.07484161108732224
276,11,0,-0.9526969194412231,-0.008023358881473541,-0.09745804965496063
277,6,0,0.937951385974884,-0.19724412262439728,0.07024181634187698
277,11,0,-0.9578511714935303,0.010831793770194054,-0.09095285832881927
278,6,0,0.9381088614463806,-0.223577082157135,0.06568136811256409
278,11,0,-0.9603533744812012,0.04551256448030472,-0.08538708835840225
279,6,0,0.9383674263954163,-0.24991795420646667,0.07170818001031876
279,11,0,-0.9516792297363281,0.07870051264762878,-0.07476174831390381
280,6,0,0.9341773986816406,-0.26290181279182434,0.07810749858617783
280,11,0,-0.9482002258300781,0.048850659281015396,-0.0759681686758995
281,6,0,0.9354637861251831,-0.2624113857746124,0.08232280611991882
281,11,0,-0.9469904899597168,0.07276850938796997,-0.07529428601264954
282,6,0,0.9326871633529663,-0.2596638798713684,0.08848395943641663
282,11,0,-0.9481943845748901,0.08128403127193451,-0.07740288972854614
283,6,0,0.9320889115333557,-0.24089118838310242,0.08851353824138641
283,11,0,-0.9480581879615784,0.11137886345386505,-0.07562299817800522
284,6,0,0.9330706596374512,-0.2346723973751068,0.08709508925676346
284,11,0,-0.9504290223121643,0.12334522604942322,-0.0725143700838089
285,6,0,0.9378632307052612,-0.22626560926437378,0.09571420401334763
285,11,0,-0.9525445103645325,0.10471971333026886,-0.08019518852233887
286,6,0,0.9442393779754639,-0.23109197616577148,0.10082054883241653
286,11,0,-0.9535722732543945,0.11489380896091461,-0.07646914571523666
287,6,0,0.9421274065971375,-0.22590962052345276,0.10019166767597198
287,11,0,-0.9545713067054749,0.1164814829826355,-0.07551132887601852
288,6,0,0.9396913647651672,-0.20883753895759583,0.09745064377784729
288,11,0,-0.9586747884750366,0.11652123928070068,-0.07766389101743698
289,6,0,0.9407856464385986,-0.21867620944976807,0.09723164141178131
289,11,0,-0.959868311882019,0.12464813888072968,-0.07732775807380676
290,6,0,0.9423176050186157,-0.2288152277469635,0.09542662650346756
290,11,0,-0.9645534753799438,0.1406267285346985,-0.07764144241809845
291,6,0,0.9436250925064087,-0.24702541530132294,0.09448941051959991
291,11,0,-0.9635230898857117,0.1561596542596817,-0.07775253057479858
292,6,0,0.9404524564743042,-0.17932286858558655,0.0872201919555664
292,11,0,-0.9643317461013794,0.15604352951049805,-0.08416008949279785
293,6,0,0.9426794648170471,-0.18994109332561493,0.08672314137220383
293,11,0,-0.9619869589805603,0.1854102909564972,-0.07957565784454346
294,6,0,0.94024658203125,-0.18831995129585266,0.08871862292289734
294,11,0,-0.9572122097015381,0.19403260946273804,-0.07993212342262268
295,6,0,0.9395738840103149,-0.19240744411945343,0.08841143548488617
295,11,0,-0.9576088190078735,0.19525399804115295,-0.07960913330316544
296,6,0,0.9394636154174805,-0.20307140052318573,0.08825797587633133
296,11,0,-0.9555838108062744,0.1952223926782608,-0.08086837828159332
297,6,0,0.9357137680053711,-0.2095893919467926,0.09068595618009567
297,11,0,-0.9579929709434509,0.204227477312088,-0.08865873515605927
298,6,0,0.9392518997192383,-0.20990777015686035,0.09170101583003998
298,11,0,-0.9597150087356567,0.21801406145095825,-0.0958232507109642
299,6,0,0.9265270829200745,-0.18864747881889343,0.0844988077878952
299,11,0,-0.9556195735931396,0.20701897144317627,-0.0986754298210144
300,6,0,0.9328327775001526,-0.186741441488266,0.0832473412156105
300,11,0,-0.9572309255599976,0.2469785511493683,-0.0940309464931488
301,6,0,0.9366064071655273,-0.2038772851228714,0.0832216739654541
301,11,0,-0.9574799537658691,0.2768358588218689,-0.0899999812245369
302,6,0,0.934593915939331,-0.18804378807544708,0.08001940697431564
302,11,0,-0.9569922685623169,0.28335902094841003,-0.0899651050567627
303,6,0,0.933499813079834,-0.20682626962661743,0.07809977233409882
303,11,0,-0.955091118812561,0.3222399950027466,-0.08614440262317657
304,6,0,0.9311568737030029,-0.19648146629333496,0.07494065910577774
304,11,0,-0.9487524628639221,0.31654250621795654,-0.0848432257771492
305,6,0,0.9313409328460693,-0.19388964772224426,0.07098463177680969
305,11,0,-0.9484570026397705,0.3525580167770386,-0.0829053521156311
306,6,0,0.9351638555526733,-0.19971634447574615,0.0634106993675232
306,11,0,-0.9538300037384033,0.333760142326355,-0.0900769904255867
307,6,0,0.937964677810669,-0.20711743831634521,0.06316041946411133
307,11,0,-0.9514000415802002,0.36717724800109863,-0.08432164788246155
308,6,0,0.9349103569984436,-0.21392127871513367,0.05945726856589317
308,11,0,-0.9509012699127197,0.3649933636188507,-0.07933329790830612
309,6,0,0.9303246736526489,-0.20204895734786987,0.054871924221515656
309,11,0,-0.9438204169273376,0.29273736476898193,-0.07690491527318954
310,6,0,0.9287534952163696,-0.19898831844329834,0.05191749334335327
310,11,0,-0.9456682205200195,0.29134953022003174,-0.07161619514226913
311,6,0,0.926149845123291,-0.1971679925918579,0.048098593950271606
311,11,0,-0.9374562501907349,0.2685037851333618,-0.06802329421043396
312,6,0,0.926741361618042,-0.1918938159942627,0.042423490434885025
312,11,0,-0.9157239198684692,0.22949004173278809,-0.06664722412824631
313,6,0,0.9329780340194702,-0.1931213140487671,0.03451048955321312
313,11,0,-0.9181839227676392,0.30048733949661255,-0.0638490617275238
314,6,0,0.9387263059616089,-0.21561124920845032,0.034959208220243454
314,11,0,-0.9210752248764038,0.3364284932613373,-0.055104129016399384
315,6,0,0.9368866086006165,-0.22100761532783508,0.0330067053437233
315,11,0,-0.9209674596786499,0.3375748097896576,-0.051829755306243896
316,6,0,0.9318968057632446,-0.21230146288871765,0.03428736329078674
316,11,0,-0.9163128137588501,0.3171646296977997,-0.04791967570781708
317,6,0,0.929878830909729,-0.21290351450443268,0.035189252346754074
317,11,0,-0.924879252910614,0.3189679980278015,-0.0369865708053112
318,6,0,0.9221201539039612,-0.19564104080200195,0.033200960606336594
318,11,0,-0.927314281463623,0.33780333399772644,-0.02892390266060829
319,6,0,0.9248166084289551,-0.20095378160476685,0.031505730003118515
319,11,0,-0.9378550052642822,0.36590853333473206,-0.016569504514336586
320,6,0,0.9248408079147339,-0.19484081864356995,0.021445780992507935
320,11,0,-0.9393538236618042,0.36098530888557434,-0.012066565454006195
321,6,0,0.9302060604095459,-0.20145201683044434,0.01477909553796053
321,11,0,-0.9402077198028564,0.3760635256767273,-0.008453605696558952
322,6,0,0.9319164752960205,-0.20525005459785461,0.01676773652434349
322,11,0,-0.9388912320137024,0.4008552134037018,0.00013024266809225082
323,6,0,0.9294250011444092,-0.19582360982894897,0.01414315402507782
323,11,0,-0.9397939443588257,0.4151185154914856,0.008673497475683689
324,6,0,0.9251363277435303,-0.1843775510787964,0.009556925855576992
324,11,0,-0.9405828714370728,0.4197063744068146,0.019238950684666634
325,6,0,0.9190194606781006,-0.1907346248626709,0.010187487117946148
325,11,0,-0.9302987456321716,0.37986326217651367,0.013780977576971054
326,6,0,0.9226747751235962,-0.19461117684841156,0.013130313716828823
326,11,0,-0.9308881759643555,0.36673682928085327,0.00816300418227911
327,6,0,0.9233193397521973,-0.16982537508010864,0.007187592796981335
327,11,0,-0.9289259910583496,0.35827139019966125,1.3874843716621399e-05
328,6,0,0.9182201623916626,-0.22660532593727112,0.004707668907940388
328,11,0,-0.9265887141227722,0.3560022711753845,-8.369795978069305e-06
329,6,0,0.9273156523704529,-0.20956698060035706,0.005768069066107273
329,11,0,-0.9293397665023804,0.36479175090789795,-0.0008997628465294838
330,6,0,0.9249292016029358,-0.20632904767990112,0.006393401883542538
330,11,0,-0.9354453086853027,0.3575669825077057,-0.003206332214176655
331,6,0,0.9256628751754761,-0.21098728477954865,0.010651115328073502
331,11,0,-0.9384906888008118,0.3245014250278473,-0.011445347219705582
332,6,0,0.9273213148117065,-0.21318319439888,0.013552308082580566
332,11,0,-0.940982460975647,0.29172372817993164,-0.01997089758515358
333,6,0,0.9274115562438965,-0.2126597911119461,0.014192558825016022
333,11,0,-0.9468263387680054,0.2763460576534271,-0.02559809945523739
334,6,0,0.9263498783111572,-0.2233428657054901,0.01258753426373005
334,11,0,-0.9496784210205078,0.2970234751701355,-0.02993060275912285
335,6,0,0.924128532409668,-0.20404201745986938,0.010541530326008797
335,11,0,-0.9506151676177979,0.2830318212509155,-0.04157893732190132
336,6,0,0.9326220750808716,-0.21153168380260468,0.014375319704413414
336,11,0,-0.9479215145111084,0.3002360165119171,-0.043148551136255264
337,6,0,0.932229220867157,-0.2124985158443451,0.017794888466596603
337,11,0,-0.9465724229812622,0.290141224861145,-0.04414331167936325
338,6,0,0.9258067607879639,-0.18302811682224274,0.02112230286002159
338,11,0,-0.9442962408065796,0.2500923275947571,-0.04896877706050873
339,6,0,0.9252560138702393,-0.1775839924812317,0.025700166821479797
339,11,0,-0.944503903388977,0.22840337455272675,-0.055623892694711685
340,6,0,0.9213463664054871,-0.14987972378730774,0.029754426330327988
340,11,0,-0.9501557350158691,0.19414766132831573,-0.06249997019767761
341,6,0,0.9256651401519775,-0.1562783420085907,0.029806848615407944
341,11,0,-0.9492868185043335,0.1591602861881256,-0.061574969440698624
342,6,0,0.9228335618972778,-0.08625726401805878,0.03601551800966263
342,11,0,-0.9483811259269714,0.13283085823059082,-0.07174991071224213
343,6,0,0.9278897047042847,-0.09720366448163986,0.03471828252077103
343,11,0,-0.9497989416122437,0.13296112418174744,-0.07310310751199722
344,6,0,0.932671308517456,-0.13416974246501923,0.039653800427913666
344,11,0,-0.9561102986335754,0.14031177759170532,-0.07362617552280426
345,6,0,0.9273396134376526,-0.13375423848628998,0.04332934319972992
345,11,0,-0.955940842628479,0.1332816630601883,-0.07148204743862152
346,6,0,0.9265616536140442,-0.1405356526374817,0.04964640736579895
346,11,0,-0.9564428329467773,0.12442906200885773,-0.06820546090602875
347,6,0,0.9230450391769409,-0.14480865001678467,0.05452428758144379
347,11,0,-0.9516756534576416,0.1200062483549118,-0.059189729392528534
348,6,0,0.9193207025527954,-0.17605730891227722,0.06396536529064178
348,11,0,-0.9485951662063599,0.08222761005163193,-0.049490608274936676
349,6,0,0.930100679397583,-0.19494470953941345,0.06996866315603256
349,11,0,-0.9521511197090149,0.09336893260478973,-0.04778144881129265
350,6,0,0.925391674041748,-0.12504535913467407,0.07083107531070709
350,11,0,-0.9397220611572266,0.04881516098976135,-0.05412178486585617
351,6,0,0.9347277283668518,-0.1756557822227478,0.07490979135036469
351,11,0,-0.9385756850242615,0.03232220560312271,-0.051942501217126846
352,6,0,0.9306756854057312,-0.17200124263763428,0.08032524585723877
352,11,0,-0.928802490234375,0.000607694499194622,-0.05106237530708313
353,6,0,0.9281104803085327,-0.17579805850982666,0.08532652258872986
353,11,0,-0.9173367023468018,-0.016403667628765106,-0.0505317747592926
354,6,0,0.9270228147506714,-0.2178821563720703,0.09504030644893646
354,11,0,-0.9036694765090942,-0.04777315631508827,-0.04744015261530876
355,6,0,0.927764892578125,-0.20036259293556213,0.10363157093524933
355,11,0,-0.8869658708572388,-0.004177011549472809,-0.04400906339287758
356,6,0,0.9368608593940735,-0.20043665170669556,0.10038752108812332
356,11,0,-0.8353297710418701,0.06763996183872223,-0.036508191376924515
357,6,0,0.9378085732460022,-0.13029423356056213,0.09472688287496567
357,11,0,-0.5711167454719543,0.17173536121845245,-0.046207644045352936
358,6,0,0.9381299018859863,-0.15426063537597656,0.08587589859962463
358,11,0,-0.12922297418117523,0.2355281412601471,-0.04440589249134064
359,6,0,0.9296451807022095,-0.08156942576169968,0.053374141454696655
359,11,0,0.5398451685905457,0.3939332962036133,-0.0494147464632988
360,6,0,0.9300856590270996,-0.1224433183670044,0.05296509712934494
360,11,0,0.6553465127944946,0.2617487907409668,-0.041848670691251755
361,6,0,0.925783634185791,-0.11490066349506378,0.05294231325387955
361,11,0,0.7847652435302734,0.2367120087146759,-0.04348421096801758
362,6,0,0.9219807982444763,-0.0847225934267044,0.04818502813577652
362,11,0,0.8870573043823242,0.21355661749839783,-0.04718295484781265
363,6,0,0.9289175868034363,-0.10307099670171738,0.045913781970739365
363,11,0,0.9090860486030579,0.14927256107330322,-0.04603163152933121
364,6,0,0.9358754754066467,-0.12849432229995728,0.04473913460969925
364,11,0,0.9306374788284302,0.11164224147796631,-0.0442662239074707
365,6,0,0.9386827945709229,-0.135442852973938,0.04200693964958191
365,11,0,0.9359838962554932,0.08951419591903687,-0.04029740393161774
366,6,0,0.938172459602356,-0.1382368505001068,0.0384509414434433
366,11,0,0.9336333274841309,0.07372227311134338,-0.03814839944243431
367,6,0,0.933213472366333,-0.12646153569221497,0.03401510417461395
367,11,0,0.9502518773078918,0.11173361539840698,-0.02849157154560089
368,6,0,0.9404017329216003,-0.12495715916156769,0.034339334815740585
368,11,0,0.952875018119812,0.11887781322002411,-0.009939945302903652
369,6,0,0.9384720325469971,-0.11078174412250519,0.032036058604717255
369,11,0,0.9316450953483582,0.02875998057425022,-0.009015259332954884
370,6,0,0.9360227584838867,-0.08311192691326141,0.029733169823884964
370,11,0,0.9131978750228882,-0.040327444672584534,-0.008809267543256283
371,6,0,0.9464423656463623,-0.1417234241962433,0.03410918638110161
371,11,0,0.8788028359413147,-0.15559163689613342,-0.007027311250567436
372,6,0,0.944799542427063,-0.15214946866035461,0.03531439229846001
372,11,0,0.8562433123588562,-0.1849125623703003,-0.004409214481711388
373,6,0,0.9423649311065674,-0.15210844576358795,0.033589258790016174
373,11,0,0.897673487663269,-0.16029468178749084,-0.009178994223475456
374,6,0,0.9334549903869629,-0.11103732883930206,0.034790195524692535
374,11,0,0.950090765953064,-0.14558306336402893,-0.02104906737804413
375,6,0,0.9321966767311096,-0.11485134810209274,0.0312768928706646
375,11,0,0.9295409321784973,-0.2397245168685913,-0.013690385036170483
376,6,0,0.9280747771263123,-0.11195877194404602,0.02896888740360737
376,11,0,0.9136799573898315,-0.3018633723258972,-0.006236600689589977
377,6,0,0.9262645840644836,-0.10831096768379211,0.0326358899474144
377,11,0,0.8867331147193909,-0.36133378744125366,0.00468054972589016
378,6,0,0.928043782711029,-0.12137619405984879,0.03344595432281494
378,11,0,0.8244903087615967,-0.45857012271881104,0.0014889365993440151
379,6,0,0.9346796274185181,-0.18386510014533997,0.03610541298985481
379,11,0,0.7204331159591675,-0.5332838296890259,0.003793574869632721
380,6,0,0.9305011630058289,-0.16970868408679962,0.03701379895210266
380,11,0,0.4809228777885437,-0.5695357322692871,0.005147647578269243
381,6,0,0.9272769689559937,-0.16332203149795532,0.039728935807943344
381,11,0,0.3031499981880188,-0.6037307977676392,0.008793333545327187
382,6,0,0.923877477645874,-0.14766335487365723,0.039972253143787384
382,11,0,0.08956196904182434,-0.576813817024231,0.009036688134074211
383,6,0,0.922801673412323,-0.15082886815071106,0.04433140903711319
383,11,0,-0.23168863356113434,-0.49380165338516235,0.015012001618742943
384,6,0,0.9195749759674072,-0.1354527771472931,0.052240852266550064
384,11,0,-0.4374361038208008,-0.4883623719215393,0.028265034779906273
385,6,0,0.9228188395500183,-0.14143294095993042,0.05231618881225586
385,11,0,-0.5897470712661743,-0.4558572769165039,0.021784354001283646
386,6,0,0.9338645339012146,-0.1656419038772583,0.06144510954618454
386,11,0,-0.6832318305969238,-0.41781115531921387,0.02503354474902153
387,6,0,0.92840176820755,-0.1731184720993042,0.06798741221427917
387,11,0,-0.7575074434280396,-0.39275482296943665,0.028877222910523415
388,6,0,0.9269403219223022,-0.1844024360179901,0.06851258873939514
388,11,0,-0.7832197546958923,-0.39667171239852905,0.02981574274599552
389,6,0,0.9258193373680115,-0.17940816283226013,0.07669855654239655
389,11,0,-0.8240565061569214,-0.39439713954925537,0.032492924481630325
390,6,0,0.9240871667861938,-0.1771424561738968,0.080154649913311
390,11,0,-0.8395506143569946,-0.3943687379360199,0.02790481224656105
391,6,0,0.9273872971534729,-0.18062609434127808,0.0827445387840271
391,11,0,-0.8315393924713135,-0.40284106135368347,0.017674565315246582
392,6,0,0.9250144958496094,-0.1361841857433319,0.08088135719299316
392,11,0,-0.8482422232627869,-0.3766191601753235,0.007288043387234211
393,6,0,0.9317202568054199,-0.1664496809244156,0.08362407982349396
393,11,0,-0.872277021408081,-0.3443424105644226,0.003166814334690571
394,6,0,0.9340299963951111,-0.18470901250839233,0.08654012531042099
394,11,0,-0.8961063623428345,-0.3132365643978119,-0.0030420436523854733
395,6,0,0.9373389482498169,-0.20915892720222473,0.08939138054847717
395,11,0,-0.9222711324691772,-0.28848743438720703,-0.010574925690889359
396,6,0,0.9354298114776611,-0.21653756499290466,0.08660225570201874
396,11,0,-0.9316931366920471,-0.29052966833114624,-0.008194692432880402
397,6,0,0.9316282272338867,-0.21151137351989746,0.08740795403718948
397,11,0,-0.9347724914550781,-0.2693924605846405,-0.004743949044495821
398,6,0,0.9316873550415039,-0.20588362216949463,0.09359376132488251
398,11,0,-0.9427365660667419,-0.2412179708480835,-0.0008097505196928978
399,6,0,0.9186198711395264,-0.17685240507125854,0.09544666111469269
399,11,0,-0.9401237964630127,-0.2418251931667328,-0.006956635974347591
400,6,0,0.933847188949585,-0.1374160349369049,0.1004113107919693
400,11,0,-0.9428640604019165,-0.20879924297332764,-0.008337771520018578
401,6,0,0.9438410997390747,-0.17992882430553436,0.10517788678407669
401,11,0,-0.9505735635757446,-0.15685078501701355,-0.006610499229282141
402,6,0,0.941451370716095,-0.16017994284629822,0.10506691038608551
402,11,0,-0.9509261846542358,-0.15240994095802307,-0.007831055670976639
403,6,0,0.9418609142303467,-0.1568673551082611,0.10585762560367584
403,11,0,-0.9501835107803345,-0.14041046798229218,-0.008194144815206528
404,6,0,0.933925986289978,-0.1310293972492218,0.11020083725452423
404,11,0,-0.9537827372550964,-0.13837619125843048,-0.005633024964481592
405,6,0,0.9396765232086182,-0.13674809038639069,0.10739324986934662
405,11,0,-0.9597976207733154,-0.10517758131027222,-0.019879180938005447
406,6,0,0.9428333044052124,-0.11161386966705322,0.10076111555099487
406,11,0,-0.9552153944969177,-0.0905221700668335,-0.04263000935316086
407,6,0,0.9507375359535217,-0.1519002914428711,0.09786462783813477
407,11,0,-0.9544985294342041,-0.0635521411895752,-0.050660133361816406
408,6,0,0.9500113725662231,-0.13583816587924957,0.09289497882127762
408,8,0,-0.9303961992263794,0.21949352324008942,-0.0857020765542984
408,11,0,-0.9540868997573853,-0.030248701572418213,-0.0552380234003067
409,6,0,0.950560450553894,-0.15016433596611023,0.09185048937797546
409,8,0,-0.9309526681900024,0.22220683097839355,-0.07542629539966583
409,11,0,-0.9516735076904297,-0.01848408207297325,-0.05108893662691116
410,6,0,0.9508757591247559,-0.1496325433254242,0.09142235666513443
410,8,0,-0.9340158700942993,0.20368100702762604,-0.0712166279554367
410,11,0,-0.9488867521286011,-0.008649131283164024,-0.04937493056058884
411,6,0,0.950493574142456,-0.14661075174808502,0.09107847511768341
411,8,0,-0.9352631568908691,0.1970488429069519,-0.06786713004112244
411,11,0,-0.9480576515197754,0.004688987508416176,-0.04872205853462219
412,6,0,0.9492431879043579,-0.14213940501213074,0.0913529098033905
412,8,0,-0.93446284532547,0.19368325173854828,-0.06551609933376312
412,11,0,-0.9469085335731506,0.015105342492461205,-0.047599904239177704
413,6,0,0.9499285221099854,-0.14425235986709595,0.09073791652917862
413,8,0,-0.935207724571228,0.19065025448799133,-0.06342826783657074
413,11,0,-0.9461983442306519,0.027732087299227715,-0.04689934104681015
414,6,0,0.95096355676651,-0.15390919148921967,0.09046296775341034
414,8,0,-0.9354029893875122,0.1881425678730011,-0.06078817695379257
414,11,0,-0.9440992474555969,0.04257495328783989,-0.04607340320944786
415,6,0,0.9519096612930298,-0.16200117766857147,0.09040634334087372
415,8,0,-0.9371392726898193,0.1887439489364624,-0.06004887446761131
415,11,0,-0.9419065713882446,0.05210315063595772,-0.045567527413368225
416,6,0,0.9494670629501343,-0.1580267697572708,0.09022396057844162
416,8,0,-0.9374703168869019,0.18432363867759705,-0.059943586587905884
416,11,0,-0.9406102895736694,0.055890314280986786,-0.04538015276193619
417,6,0,0.9472388029098511,-0.15382665395736694,0.08952727913856506
417,8,0,-0.9366986155509949,0.1908901184797287,-0.059938400983810425
417,11,0,-0.9390923380851746,0.06819966435432434,-0.04571329429745674
418,6,0,0.945013165473938,-0.14619380235671997,0.08752867579460144
418,8,0,-0.9349369406700134,0.19580066204071045,-0.060681458562612534
418,11,0,-0.9378117322921753,0.07938884943723679,-0.046567078679800034
419,6,0,0.9440170526504517,-0.1426263153553009,0.08491014689207077
419,8,0,-0.935617208480835,0.19385817646980286,-0.0592719167470932
419,11,0,-0.9371910691261292,0.08957931399345398,-0.04733499139547348
420,6,0,0.9432946443557739,-0.13670197129249573,0.08276097476482391
420,8,0,-0.9353787899017334,0.1916125863790512,-0.05841049551963806
420,11,0,-0.9372361898422241,0.11024110019207001,-0.04876334220170975
421,6,0,0.9412906169891357,-0.1479163020849228,0.08117920905351639
421,8,0,-0.9295352101325989,0.19356302917003632,-0.0576067715883255
421,11,0,-0.9374635219573975,0.13457883894443512,-0.05251345783472061
422,6,0,0.9469704031944275,-0.17179279029369354,0.08337083458900452
422,8,0,-0.9306538105010986,0.1969308853149414,-0.05624515563249588
422,11,0,-0.9399373531341553,0.16614103317260742,-0.05124013125896454
423,6,0,0.948424756526947,-0.1775583028793335,0.08500345796346664
423,8,0,-0.9320780038833618,0.1869134157896042,-0.05579787492752075
423,11,0,-0.9397033452987671,0.17665740847587585,-0.05038534849882126
424,6,0,0.9468061923980713,-0.1710207760334015,0.08642534911632538
424,8,0,-0.932876706123352,0.1712142825126648,-0.0577431321144104
424,11,0,-0.939113974571228,0.17352452874183655,-0.050469182431697845
425,6,0,0.9454376101493835,-0.16261805593967438,0.08707581460475922
425,8,0,-0.9329391121864319,0.1650940477848053,-0.05851568654179573
425,11,0,-0.9384773969650269,0.18130436539649963,-0.05020791292190552
426,6,0,0.9443682432174683,-0.15363439917564392,0.08783005177974701
426,8,0,-0.935433030128479,0.15024426579475403,-0.06067071855068207
426,11,0,-0.9391043782234192,0.19199584424495697,-0.05063781514763832
427,6,0,0.9425792694091797,-0.1329817920923233,0.08630505204200745
427,8,0,-0.9339684247970581,0.1619526892900467,-0.06459099799394608
427,11,0,-0.9372894763946533,0.19769954681396484,-0.05305080860853195
428,6,0,0.936436116695404,-0.12658673524856567,0.08458986133337021
428,8,0,-0.9266963601112366,0.1649126410484314,-0.061016205698251724
428,11,0,-0.9340130090713501,0.19933894276618958,-0.056569792330265045
429,6,0,0.9449119567871094,-0.1525619626045227,0.0870915949344635
429,8,0,-0.9300132393836975,0.1740242838859558,-0.05554606020450592
429,11,0,-0.9354074597358704,0.22777721285820007,-0.053268060088157654
430,6,0,0.9443262815475464,-0.15635985136032104,0.08715871721506119
430,8,0,-0.929561972618103,0.18173092603683472,-0.054901063442230225
430,11,0,-0.9342540502548218,0.2330036759376526,-0.0513056144118309
431,6,0,0.9427028894424438,-0.14964625239372253,0.08762166649103165
431,8,0,-0.9235198497772217,0.21285226941108704,-0.05666191875934601
431,11,0,-0.9327157735824585,0.23984479904174805,-0.051897041499614716
432,6,0,0.9421814680099487,-0.15348580479621887,0.08672460913658142
432,8,0,-0.9236128330230713,0.22162583470344543,-0.061123114079236984
432,11,0,-0.9335979223251343,0.254966676235199,-0.05016932636499405
433,6,0,0.9394828081130981,-0.15556994080543518,0.08517685532569885
433,8,0,-0.9223939180374146,0.21752630174160004,-0.06114511936903
433,11,0,-0.9308995008468628,0.27239036560058594,-0.04699728637933731
434,6,0,0.9369765520095825,-0.15079770982265472,0.08306562155485153
434,11,0,-0.928327739238739,0.29653704166412354,-0.043327368795871735
435,6,0,0.9283514618873596,-0.16186083853244781,0.06690965592861176
435,11,0,-0.9258496761322021,0.3075608015060425,-0.052313417196273804
436,6,0,0.9386237263679504,-0.159166157245636,0.06764865666627884
436,11,0,-0.9213119745254517,0.34225529432296753,-0.05016940087080002
437,6,0,0.943486750125885,-0.18901407718658447,0.072918601334095
437,11,0,-0.9231439828872681,0.3762825131416321,-0.04776017740368843
438,6,0,0.942556619644165,-0.1852405071258545,0.07338152825832367
438,11,0,-0.9229717254638672,0.38030949234962463,-0.04850117117166519
439,6,0,0.9442507028579712,-0.18400144577026367,0.07162918150424957
439,11,0,-0.9235674142837524,0.3948579430580139,-0.0412958487868309
440,6,0,0.9423518180847168,-0.20033302903175354,0.07073189318180084
440,11,0,-0.9232611656188965,0.3894088864326477,-0.03698644042015076
441,6,0,0.9448349475860596,-0.2022182196378708,0.06961753964424133
441,11,0,-0.9227332472801208,0.39586907625198364,-0.03862094506621361
442,6,0,0.9368299245834351,-0.21513554453849792,0.06066574528813362
442,11,0,-0.9109157919883728,0.34704703092575073,-0.04333043843507767
443,6,0,0.9460996389389038,-0.17092365026474,0.058050692081451416
443,11,0,-0.9045836925506592,0.34790486097335815,-0.03915523737668991
444,6,0,0.9442360401153564,-0.18389005959033966,0.06324400007724762
444,11,0,-0.9047439694404602,0.362112820148468,-0.03472491726279259
445,6,0,0.9388213157653809,-0.1780371367931366,0.06670762598514557
445,11,0,-0.9061188101768494,0.35089731216430664,-0.029136763885617256
446,6,0,0.9343705177307129,-0.1780271828174591,0.07172781229019165
446,11,0,-0.9187747240066528,0.35440272092819214,-0.015319901518523693
447,6,0,0.9318830966949463,-0.19361555576324463,0.07703590393066406
447,11,0,-0.9200274348258972,0.34935617446899414,-0.007796089164912701
448,6,0,0.9291919469833374,-0.21098864078521729,0.07904738187789917
448,11,0,-0.9182804226875305,0.3484650254249573,0.006465445272624493
449,6,0,0.9242786169052124,-0.2254476398229599,0.0824291780591011
449,11,0,-0.9135897159576416,0.36514440178871155,0.021034032106399536
450,6,0,0.9268330335617065,-0.23700028657913208,0.08000838756561279
450,11,0,-0.9135383367538452,0.3075826168060303,0.0315747894346714
451,4,0,-0.9530301690101624,-0.24382716417312622,0.3376895785331726
451,6,0,0.9212948679924011,-0.19971506297588348,0.0806078314781189
451,11,0,-0.8978103399276733,0.24521827697753906,0.03309353068470955
452,4,0,-0.9499129056930542,-0.264542818069458,0.3200516402721405
452,6,0,0.9189196228981018,-0.19102364778518677,0.07949675619602203
452,11,0,-0.8932671546936035,0.23777388036251068,0.026530271396040916
453,4,0,-0.9480080604553223,-0.2635344862937927,0.32329052686691284
453,6,0,0.9195088148117065,-0.19888931512832642,0.0813404768705368
453,11,0,-0.8992055654525757,0.23188811540603638,0.024231508374214172
454,4,0,-0.94597327709198,-0.26237425208091736,0.32092615962028503
454,6,0,0.9181371331214905,-0.19222411513328552,0.08167808502912521
454,11,0,-0.8969497680664062,0.2304956614971161,0.02689722552895546
455,4,0,-0.9475629329681396,-0.2505000829696655,0.32126277685165405
455,6,0,0.9163981676101685,-0.18658001720905304,0.08092164248228073
455,11,0,-0.9054588079452515,0.22725623846054077,0.029492978006601334
456,4,0,-0.9492626190185547,-0.2550660967826843,0.3189651668071747
456,6,0,0.9165884256362915,-0.1740526556968689,0.08317329734563828
456,11,0,-0.9011940956115723,0.20243245363235474,0.03409351781010628
457,4,0,-0.9494635462760925,-0.25576698780059814,0.3195475935935974
457,6,0,0.9152668714523315,-0.1956179440021515,0.08090660721063614
457,11,0,-0.9054561853408813,0.1864221692085266,0.03779873624444008
458,4,0,-0.9511175155639648,-0.25586336851119995,0.3174484372138977
458,6,0,0.916461706161499,-0.20731735229492188,0.07692572474479675
458,11,0,-0.9140070080757141,0.18375778198242188,0.03928070142865181
459,4,0,-0.9491892457008362,-0.2601432204246521,0.3134530484676361
459,6,0,0.9141298532485962,-0.20648935437202454,0.07686120271682739
459,11,0,-0.91322922706604,0.16440612077713013,0.04262690618634224
460,4,0,-0.9499819278717041,-0.25724920630455017,0.3093843460083008
460,6,0,0.9133231043815613,-0.2038397192955017,0.07699837535619736
460,11,0,-0.9129738807678223,0.14831244945526123,0.047174111008644104
461,4,0,-0.949209451675415,-0.2564413845539093,0.3084540367126465
461,6,0,0.9128365516662598,-0.20079287886619568,0.07729744911193848
461,11,0,-0.9151955842971802,0.126465305685997,0.053067222237586975
462,4,0,-0.9468899369239807,-0.2779747247695923,0.2961397171020508
462,6,0,0.9114046096801758,-0.20025312900543213,0.07755386829376221
462,11,0,-0.908219575881958,0.11312273144721985,0.05672493204474449
463,6,0,0.9137119054794312,-0.2025355100631714,0.08599621057510376
463,11,0,-0.9114959239959717,0.14192771911621094,0.0547339990735054
464,4,0,-0.9418867826461792,-0.2597721219062805,0.2940725088119507
464,6,0,0.9160841107368469,-0.22639212012290955,0.08316774666309357
464,11,0,-0.9230257272720337,0.15654024481773376,0.053253524005413055
465,6,0,0.91646409034729,-0.2301049381494522,0.08385181427001953
465,11,0,-0.9291818141937256,0.15501834452152252,0.06004395708441734
466,6,0,0.9168103933334351,-0.22990022599697113,0.08293816447257996
466,11,0,-0.9318227767944336,0.17006582021713257,0.06522709131240845
467,6,0,0.9136092662811279,-0.23603811860084534,0.0843646377325058
467,11,0,-0.9267706871032715,0.1907086968421936,0.07395374029874802
468,6,0,0.9084871411323547,-0.22273948788642883,0.08616547286510468
468,11,0,-0.912867546081543,0.17128339409828186,0.07167266309261322
469,6,0,0.9104712009429932,-0.21678081154823303,0.0941472202539444
469,11,0,-0.8889949321746826,0.10664957761764526,0.06034621223807335
470,6,0,0.909441351890564,-0.237916961312294,0.09853711724281311
470,11,0,-0.841009259223938,-0.02659888193011284,0.0552699901163578
471,6,0,0.928389310836792,-0.1905851662158966,0.11056359112262726
471,11,0,-0.8562041521072388,-0.023343168199062347,0.05681625381112099
472,6,0,0.9084601998329163,-0.1669672727584839,0.10869815200567245
472,11,0,-0.867807149887085,-0.05116681009531021,0.05213765427470207
473,6,0,0.886642575263977,-0.14137867093086243,0.10602142661809921
473,11,0,-0.8806424736976624,-0.062328875064849854,0.05263257026672363
474,6,0,0.8729614615440369,-0.11890886723995209,0.1091688871383667
474,11,0,-0.9032424688339233,-0.0680604949593544,0.05866943299770355
475,6,0,0.8727976679801941,-0.10037197917699814,0.10931333899497986
475,11,0,-0.916083037853241,-0.07762624323368073,0.05663423240184784
476,6,0,0.8632652759552002,-0.08327559381723404,0.10855221748352051
476,11,0,-0.9315242767333984,-0.07066158205270767,0.06131467595696449
477,11,0,-0.9399538040161133,-0.08532761037349701,0.06637143343687057
478,6,0,0.8694244623184204,-0.03983759135007858,0.10674551129341125
478,11,0,-0.94845050573349,-0.1156982034444809,0.07952023297548294
479,6,0,0.8686048984527588,-0.04022691771388054,0.11039142310619354
479,11,0,-0.9436380863189697,-0.15112879872322083,0.07892905175685883
480,11,0,-0.9409552812576294,-0.14969559013843536,0.0753139853477478
481,6,0,0.8788012862205505,-0.028325246647000313,0.11413288861513138
481,11,0,-0.9429481029510498,-0.18855974078178406,0.07740909606218338
482,11,0,-0.9421880841255188,-0.1967337429523468,0.08910602331161499
483,6,0,0.8839272856712341,-0.08205390721559525,0.12512145936489105
483,11,0,-0.938984751701355,-0.18521270155906677,0.07837468385696411
484,6,0,0.8971036672592163,-0.07942402362823486,0.11093014478683472
484,11,0,-0.9303340315818787,-0.18581324815750122,0.07820311933755875
485,5,0,0.8392189741134644,-0.12812861800193787,0.12380251288414001
485,6,0,0.9129443168640137,-0.11513382196426392,0.11412788927555084
485,11,0,-0.916382908821106,-0.25998979806900024,0.07271648198366165
486,5,0,0.9195801019668579,-0.06357584148645401,0.07857708632946014
486,6,0,0.9207193851470947,-0.12497901916503906,0.11291928589344025
487,5,0,0.9442821145057678,0.023378273472189903,0.0639827698469162
487,6,0,0.9154729843139648,-0.115739606320858,0.11815120279788971
488,5,0,0.9462271332740784,0.029974108561873436,0.0652661919593811
489,5,0,0.9453970789909363,0.04406970739364624,0.06250975281000137
489,6,0,0.9109863042831421,-0.10516088455915451,0.12397586554288864
490,5,0,0.9457216262817383,0.04681409150362015,0.06118784472346306
490,6,0,0.9092578887939453,-0.0884217619895935,0.12563318014144897
491,5,0,0.9482060074806213,0.041874680668115616,0.06238134577870369
492,5,0,0.9513285160064697,0.03679262474179268,0.06318151950836182
492,6,0,0.9065259695053101,-0.06204354017972946,0.1269005537033081
493,5,0,0.9537549614906311,0.03187161684036255,0.0643482506275177
494,5,0,0.955897331237793,0.020051581785082817,0.06667039543390274
494,6,0,0.9045708775520325,-0.05027911439538002,0.1263592392206192
495,5,0,0.9543516635894775,0.018959006294608116,0.06691122055053711
496,5,0,0.9526134729385376,0.006342986598610878,0.06847521662712097
497,5,0,0.9517782926559448,-0.00894787535071373,0.06940969824790955
497,6,0,0.8806420564651489,-0.04022994264960289,0.11905159056186676
498,5,0,0.9479751586914062,-0.018822336569428444,0.07147173583507538
499,5,0,0.930432915687561,-0.0309547521173954,0.0706545040011406
500,11,0,-0.816538393497467,-0.6348063945770264,0.06432519108057022
501,11,0,-0.7940523624420166,-0.6713652610778809,0.05617697909474373
503,11,0,-0.7940435409545898,-0.6347079873085022,0.052148059010505676
504,11,0,-0.8131719827651978,-0.6057170629501343,0.057062868028879166
505,11,0,-0.8206737041473389,-0.5896161198616028,0.053910136222839355
506,11,0,-0.828495979309082,-0.5546194314956665,0.05279213935136795
507,11,0,-0.851055383682251,-0.5568088889122009,0.06427262723445892
508,11,0,-0.8559123873710632,-0.565214991569519,0.06566993147134781
509,11,0,-0.8493826389312744,-0.5667216181755066,0.06821240484714508
510,11,0,-0.8458852767944336,-0.5625313520431519,0.07008500397205353
511,11,0,-0.8371778130531311,-0.5753668546676636,0.07233116030693054
512,11,0,-0.8252222537994385,-0.5852433443069458,0.07865766435861588
513,11,0,-0.82133948802948,-0.5817720293998718,0.07618507742881775
514,11,0,-0.8091810345649719,-0.5966869592666626,0.07771632075309753
515,11,0,-0.8126805424690247,-0.5773608684539795,0.07376936078071594
516,11,0,-0.8125470280647278,-0.5749602317810059,0.08644029498100281
517,11,0,-0.823744535446167,-0.5545934438705444,0.08143918961286545
518,11,0,-0.8289111852645874,-0.5389836430549622,0.08007806539535522
519,11,0,-0.8346669673919678,-0.539164125919342,0.08626622706651688
520,11,0,-0.8421741724014282,-0.5285773873329163,0.08086912333965302
521,11,0,-0.8444445133209229,-0.5258066654205322,0.0769844725728035
522,11,0,-0.846145749092102,-0.5215263366699219,0.0778060331940651
523,11,0,-0.8498725891113281,-0.5139490962028503,0.07830435782670975
524,11,0,-0.8515809178352356,-0.5205482244491577,0.07695287466049194
525,11,0,-0.8570528626441956,-0.5120965242385864,0.07672066241502762
526,11,0,-0.8520185947418213,-0.5061304569244385,0.08817626535892487
527,11,0,-0.8601405620574951,-0.49501505494117737,0.08431843668222427
528,11,0,-0.8622708916664124,-0.4994136691093445,0.08294323086738586
529,11,0,-0.8649258017539978,-0.4935569763183594,0.08824178576469421
530,11,0,-0.8648462295532227,-0.5048108100891113,0.08815933763980865
531,11,0,-0.8624348640441895,-0.5007462501525879,0.0911804586648941
532,11,0,-0.8591296672821045,-0.5076543092727661,0.08773551881313324
533,11,0,-0.8567907810211182,-0.5052594542503357,0.08818477392196655
534,11,0,-0.8479707837104797,-0.5069215893745422,0.08921265602111816
535,11,0,-0.8405919075012207,-0.5122096538543701,0.08630849421024323
536,11,0,-0.8450464010238647,-0.5130276083946228,0.08097107708454132
537,11,0,-0.8550117015838623,-0.5244655609130859,0.08524885773658752
538,11,0,-0.8573912978172302,-0.5361964702606201,0.08637538552284241
539,11,0,-0.8675079941749573,-0.5328556299209595,0.086302250623703
540,11,0,-0.8662192821502686,-0.5332362651824951,0.0963013768196106
541,11,0,-0.8698945045471191,-0.5373228788375854,0.09619443863630295
542,11,0,-0.8836803436279297,-0.5425713062286377,0.09614776074886322
543,11,0,-0.8975602388381958,-0.5257718563079834,0.10525289177894592
544,11,0,-0.9127128720283508,-0.5008223056793213,0.09376771003007889
545,0,0,-0.8673076629638672,0.19777029752731323,0.0225082915276289
545,11,0,-0.9251728057861328,-0.5081191062927246,0.06876340508460999
546,0,0,-0.8761551976203918,0.3271006941795349,-0.00021675601601600647
546,11,0,-0.9214309453964233,-0.43531301617622375,0.04820076376199722
547,0,0,-0.8960235118865967,0.29948556423187256,0.0024177562445402145
547,4,0,0.7996417284011841,0.6231071949005127,0.11355581134557724
547,11,0,-0.9216426610946655,-0.4225635230541229,0.046041522175073624
548,0,0,-0.9062342643737793,0.28046664595603943,0.005534433294087648
548,4,0,0.8573504090309143,0.6035784482955933,0.11380317062139511
548,11,0,-0.9208146929740906,-0.43176549673080444,0.04338787496089935
549,0,0,-0.9268373250961304,0.24245700240135193,0.006131269503384829
549,4,0,0.8799587488174438,0.6130269765853882,0.11978417634963989
549,11,0,-0.919677197933197,-0.4361106753349304,0.041015625
550,0,0,-0.9338551759719849,0.23480090498924255,0.0070312609896063805
550,4,0,0.8872969746589661,0.6030113101005554,0.12504425644874573
550,11,0,-0.9190952777862549,-0.4344014525413513,0.04008384421467781
551,0,0,-0.9415475726127625,0.2139700949192047,0.006744265556335449
551,4,0,0.8934977650642395,0.6050258874893188,0.12910038232803345
551,11,0,-0.9207809567451477,-0.43049758672714233,0.03965063393115997
552,0,0,-0.942642092704773,0.21528969705104828,0.008091584779322147
552,4,0,0.8946986198425293,0.6087288856506348,0.13167428970336914
552,11,0,-0.9225411415100098,-0.43274998664855957,0.04055648297071457
553,0,0,-0.9466333389282227,0.20416542887687683,0.00967350509017706
553,4,0,0.8961125612258911,0.6133253574371338,0.1336129754781723
553,11,0,-0.9232563972473145,-0.43629831075668335,0.040143005549907684
554,0,0,-0.947622537612915,0.21386921405792236,0.011703750118613243
554,4,0,0.8965798616409302,0.6124742031097412,0.13401170074939728
554,11,0,-0.9237143993377686,-0.4450412690639496,0.04068928584456444
555,0,0,-0.9520634412765503,0.2014033943414688,0.011751646175980568
555,4,0,0.8989874124526978,0.6110469102859497,0.13528425991535187
555,11,0,-0.924711287021637,-0.44244223833084106,0.04011528939008713
556,0,0,-0.9521002173423767,0.2080351710319519,0.012684616260230541
556,4,0,0.8997271060943604,0.6078144311904907,0.136013925075531
556,11,0,-0.9243537783622742,-0.45077645778656006,0.04068069905042648
557,0,0,-0.9550869464874268,0.20024323463439941,0.013267260044813156
557,4,0,0.9076652526855469,0.6049511432647705,0.13857167959213257
557,11,0,-0.9246669411659241,-0.4532153010368347,0.04164799302816391
558,0,0,-0.9566999077796936,0.19414880871772766,0.015204102732241154
558,4,0,0.907738983631134,0.6086736917495728,0.13971936702728271
558,11,0,-0.925812840461731,-0.45422860980033875,0.04299207404255867
559,0,0,-0.9576233625411987,0.18889999389648438,0.015308709815144539
559,4,0,0.9118312001228333,0.606421172618866,0.14145225286483765
559,11,0,-0.9252358675003052,-0.45673441886901855,0.04444947838783264
560,0,0,-0.9577190279960632,0.19746273756027222,0.016003357246518135
560,4,0,0.9110466241836548,0.6054931282997131,0.14084385335445404
560,11,0,-0.9265503287315369,-0.4633856415748596,0.04541904106736183
561,0,0,-0.9599951505661011,0.20023827254772186,0.015598377212882042
561,4,0,0.9171029329299927,0.6019267439842224,0.1428704559803009
561,11,0,-0.9262982606887817,-0.46989840269088745,0.04692897945642471
562,0,0,-0.9601317644119263,0.20390638709068298,0.01562234666198492
562,4,0,0.9194144010543823,0.5941635966300964,0.14368395507335663
562,11,0,-0.9246143102645874,-0.4742978811264038,0.047716788947582245
563,0,0,-0.9602281451225281,0.20377501845359802,0.015234613791108131
563,4,0,0.9236371517181396,0.5820794105529785,0.14696629345417023
563,11,0,-0.923058032989502,-0.4787272810935974,0.049491263926029205
564,0,0,-0.9605914950370789,0.20933878421783447,0.014773515984416008
564,4,0,0.9275006055831909,0.5715793967247009,0.15011908113956451
564,11,0,-0.922747015953064,-0.47431430220603943,0.05173085629940033
565,0,0,-0.9593991041183472,0.2216205894947052,0.015818867832422256
565,4,0,0.9360897541046143,0.5501879453659058,0.15188537538051605
565,11,0,-0.9207354784011841,-0.47720587253570557,0.05466216802597046
566,0,0,-0.9539933204650879,0.24098873138427734,0.017415335401892662
566,4,0,0.9285026788711548,0.5714519023895264,0.14013901352882385
566,11,0,-0.9167838096618652,-0.47200867533683777,0.05125102400779724
567,0,0,-0.9540227651596069,0.25215965509414673,0.01572701334953308
567,4,0,0.9206014275550842,0.5645431876182556,0.14069373905658722
567,11,0,-0.9167418479919434,-0.46156689524650574,0.050486527383327484
568,0,0,-0.9523259401321411,0.2614988088607788,0.015597142279148102
568,11,0,-0.9167995452880859,-0.45801132917404175,0.05227123200893402
569,0,0,-0.949574887752533,0.30690017342567444,0.013452967628836632
569,11,0,-0.9175150394439697,-0.428958535194397,0.053951360285282135
570,0,0,-0.9471848011016846,0.31085073947906494,0.012876849621534348
570,11,0,-0.916107177734375,-0.43006959557533264,0.05618133395910263
571,0,0,-0.9431051015853882,0.34007543325424194,0.010300344787538052
571,11,0,-0.9162168502807617,-0.41417819261550903,0.058281056582927704
572,0,0,-0.9404130578041077,0.3441944122314453,0.008337199687957764
572,11,0,-0.9159437417984009,-0.40859532356262207,0.05949539691209793
573,0,0,-0.936314046382904,0.35331809520721436,0.005586542189121246
573,11,0,-0.9143470525741577,-0.39437103271484375,0.06262136250734329
574,0,0,-0.9335012435913086,0.35198062658309937,0.004141147248446941
574,11,0,-0.9157969951629639,-0.39229243993759155,0.06367039680480957
575,0,0,-0.9316278696060181,0.3526497483253479,0.0007695332169532776
575,11,0,-0.9190706014633179,-0.37224143743515015,0.0684119313955307
576,0,0,-0.9284562468528748,0.3542838394641876,-0.0013858936727046967
576,11,0,-0.9215713143348694,-0.3611055612564087,0.07224098592996597
577,0,0,-0.9241529703140259,0.3730006814002991,-0.0009549781680107117
577,11,0,-0.9189841151237488,-0.36709725856781006,0.07370676845312119
578,0,0,-0.9264976382255554,0.36681604385375977,-0.002068636938929558
578,11,0,-0.9167169332504272,-0.3702475428581238,0.07276543974876404
579,0,0,-0.9354082345962524,0.3344685435295105,-0.0036213910207152367
579,11,0,-0.9183798432350159,-0.35864490270614624,0.07552981376647949
580,0,0,-0.9325549602508545,0.3418514132499695,-0.0022358745336532593
580,11,0,-0.9148571491241455,-0.37974005937576294,0.07557807862758636
581,0,0,-0.9380820989608765,0.32601916790008545,-0.0035084346309304237
581,11,0,-0.9155081510543823,-0.3775561451911926,0.07380644232034683
582,0,0,-0.9435528516769409,0.2894079089164734,-0.006376814562827349
582,11,0,-0.9136538505554199,-0.39186304807662964,0.07150699198246002
583,0,0,-0.9441654682159424,0.2922819256782532,-0.00666422676295042
583,11,0,-0.9128485918045044,-0.39305999875068665,0.07310856878757477
584,0,0,-0.9447178840637207,0.28530919551849365,-0.008337673731148243
584,11,0,-0.9114784002304077,-0.39394450187683105,0.07225309312343597
585,0,0,-0.9449949264526367,0.2928754687309265,-0.009108630940318108
585,11,0,-0.9089516997337341,-0.3961605727672577,0.0698368102312088
586,0,0,-0.9457589387893677,0.2787315547466278,-0.010668700560927391
586,11,0,-0.9062848091125488,-0.3984532952308655,0.06606271117925644
587,0,0,-0.9458310604095459,0.28220343589782715,-0.011599075049161911
587,11,0,-0.9062403440475464,-0.401561439037323,0.0651782900094986
588,0,0,-0.9461256265640259,0.2764221727848053,-0.01362552959471941
588,11,0,-0.9030251502990723,-0.40527957677841187,0.06468773633241653
589,0,0,-0.9447442889213562,0.28340548276901245,-0.013693687506020069
589,11,0,-0.8996962308883667,-0.4135957956314087,0.06200958415865898
590,0,0,-0.9443792104721069,0.2778662443161011,-0.015554368495941162
590,11,0,-0.897796094417572,-0.41800856590270996,0.062441304326057434
591,0,0,-0.9475193023681641,0.25718873739242554,-0.01817593164741993
591,11,0,-0.8930081129074097,-0.4388968050479889,0.06144695729017258
592,0,0,-0.9438252449035645,0.2680284380912781,-0.019350597634911537
592,11,0,-0.8802667260169983,-0.44494888186454773,0.0630524754524231
593,0,0,-0.9464223980903625,0.25360608100891113,-0.01929442584514618
593,11,0,-0.8790532350540161,-0.4514760673046112,0.06518705189228058
594,0,0,-0.9397759437561035,0.27261704206466675,-0.018540607765316963
594,11,0,-0.8702214956283569,-0.45398539304733276,0.06412461400032043
595,0,0,-0.9384924173355103,0.28684836626052856,-0.019710248336195946
595,11,0,-0.8673897981643677,-0.4604187607765198,0.06221865862607956
596,0,0,-0.9390125274658203,0.28159570693969727,-0.019856799393892288
596,11,0,-0.860711932182312,-0.4626324772834778,0.06592004001140594
597,0,0,-0.9400779008865356,0.26741790771484375,-0.020761802792549133
597,11,0,-0.8656924366950989,-0.45436930656433105,0.05945535749197006
598,0,0,-0.9376862049102783,0.2597859501838684,-0.018169965595006943
598,11,0,-0.8430672883987427,-0.4480586051940918,0.06344276666641235
599,0,0,-0.9308559894561768,0.2699856758117676,-0.021574825048446655
599,11,0,-0.8124963045120239,-0.4618951082229614,0.05920130014419556
